date,code,name,market,kind,open,high,low,close,volume,amount,pct_change,turnover
2025-06-30,002312,川发龙蟒,SZ,STOCK,11.39,11.41,11.28,11.39,325671.0,,0.35242290748900285,
2025-07-01,002312,川发龙蟒,SZ,STOCK,11.41,11.42,11.22,11.31,376866.0,,-0.7023705004389869,
2025-07-02,002312,川发龙蟒,SZ,STOCK,11.31,11.31,11.17,11.2,290865.0,,-0.972590627763048,
2025-07-03,002312,川发龙蟒,SZ,STOCK,11.28,11.4,11.21,11.34,338581.0,,1.2499999999999956,
2025-07-04,002312,川发龙蟒,SZ,STOCK,11.32,11.33,11.18,11.2,308663.0,,-1.2345679012345734,
2025-07-07,002312,川发龙蟒,SZ,STOCK,11.18,11.25,11.11,11.19,194920.0,,-0.08928571428571397,
2025-07-08,002312,川发龙蟒,SZ,STOCK,11.19,11.31,11.18,11.24,269712.0,,0.44682752457552155,
2025-07-09,002312,川发龙蟒,SZ,STOCK,11.24,11.25,11.16,11.2,266914.0,,-0.3558718861210064,
2025-07-10,002312,川发龙蟒,SZ,STOCK,11.2,11.21,11.14,11.17,198774.0,,-0.2678571428571419,
2025-07-11,002312,川发龙蟒,SZ,STOCK,11.19,11.33,11.13,11.26,357810.0,,0.8057296329453845,
2025-07-14,002312,川发龙蟒,SZ,STOCK,11.23,11.44,11.22,11.32,352169.0,,0.5328596802842034,
2025-07-15,002312,川发龙蟒,SZ,STOCK,11.31,11.32,11.13,11.18,303878.0,,-1.2367491166077826,
2025-07-16,002312,川发龙蟒,SZ,STOCK,11.19,11.2,11.14,11.17,181037.0,,-0.08944543828264262,
2025-07-17,002312,川发龙蟒,SZ,STOCK,11.17,11.19,11.13,11.17,190612.0,,0.0,
2025-07-18,002312,川发龙蟒,SZ,STOCK,11.17,11.23,11.16,11.17,219556.0,,0.0,
2025-07-21,002312,川发龙蟒,SZ,STOCK,11.17,11.57,11.16,11.39,781525.0,,1.9695613249776311,
2025-07-22,002312,川发龙蟒,SZ,STOCK,11.36,11.49,11.26,11.49,518975.0,,0.8779631255487308,
2025-07-23,002312,川发龙蟒,SZ,STOCK,11.49,11.89,11.44,11.45,791587.0,,-0.3481288076588429,
2025-07-24,002312,川发龙蟒,SZ,STOCK,11.45,11.69,11.41,11.63,507197.0,,1.5720524017467374,
2025-07-25,002312,川发龙蟒,SZ,STOCK,11.66,11.7,11.51,11.53,354406.0,,-0.8598452278590019,
2025-07-28,002312,川发龙蟒,SZ,STOCK,11.51,11.58,11.37,11.51,319678.0,,-0.17346053772766545,
2025-07-29,002312,川发龙蟒,SZ,STOCK,11.51,11.51,11.28,11.4,377873.0,,-0.9556907037358786,
2025-07-30,002312,川发龙蟒,SZ,STOCK,11.4,11.48,11.21,11.29,329726.0,,-0.9649122807017685,
2025-07-31,002312,川发龙蟒,SZ,STOCK,11.25,11.28,11.08,11.1,449354.0,,-1.6829052258635957,
2025-08-01,002312,川发龙蟒,SZ,STOCK,11.1,11.19,11.04,11.12,242814.0,,0.18018018018017834,
2025-08-04,002312,川发龙蟒,SZ,STOCK,11.11,11.11,11.01,11.11,174973.0,,-0.08992805755395628,
2025-08-05,002312,川发龙蟒,SZ,STOCK,11.13,11.18,11.11,11.18,202382.0,,0.6300630063006407,
2025-08-06,002312,川发龙蟒,SZ,STOCK,11.21,11.21,11.13,11.19,207511.0,,0.08944543828264262,
2025-08-07,002312,川发龙蟒,SZ,STOCK,11.19,11.19,11.1,11.13,207422.0,,-0.5361930294906059,
2025-08-08,002312,川发龙蟒,SZ,STOCK,11.13,11.15,11.07,11.09,173862.0,,-0.3593890386343279,
2025-08-11,002312,川发龙蟒,SZ,STOCK,11.19,11.26,11.11,11.26,343259.0,,1.5329125338142457,
2025-08-12,002312,川发龙蟒,SZ,STOCK,11.25,11.26,11.14,11.18,206666.0,,-0.7104795737122527,
2025-08-13,002312,川发龙蟒,SZ,STOCK,11.21,11.21,11.13,11.18,227771.0,,0.0,
2025-08-14,002312,川发龙蟒,SZ,STOCK,11.18,11.2,11.04,11.09,332262.0,,-0.805008944543828,
2025-08-15,002312,川发龙蟒,SZ,STOCK,11.07,11.15,11.07,11.11,241162.0,,0.18034265103696878,
2025-08-18,002312,川发龙蟒,SZ,STOCK,11.11,11.28,11.07,11.22,463576.0,,0.990099009900991,
2025-08-19,002312,川发龙蟒,SZ,STOCK,11.17,11.33,11.11,11.27,497471.0,,0.4456327985739694,
2025-08-20,002312,川发龙蟒,SZ,STOCK,11.27,11.51,11.24,11.44,598667.0,,1.5084294587400127,
2025-08-21,002312,川发龙蟒,SZ,STOCK,11.49,11.6,11.4,11.46,558002.0,,0.17482517482518833,
2025-08-22,002312,川发龙蟒,SZ,STOCK,11.46,11.51,11.38,11.5,436923.0,,0.3490401396160525,
2025-08-25,002312,川发龙蟒,SZ,STOCK,11.57,11.57,11.42,11.51,462889.0,,0.08695652173913437,
2025-08-26,002312,川发龙蟒,SZ,STOCK,11.51,11.75,11.47,11.65,675761.0,,1.2163336229365829,
2025-08-27,002312,川发龙蟒,SZ,STOCK,11.62,11.7,11.31,11.32,564018.0,,-2.832618025751077,
2025-08-28,002312,川发龙蟒,SZ,STOCK,11.32,11.48,11.11,11.44,501741.0,,1.0600706713780772,
2025-08-29,002312,川发龙蟒,SZ,STOCK,11.48,11.79,11.44,11.6,632118.0,,1.3986013986013957,
2025-09-01,002312,川发龙蟒,SZ,STOCK,11.64,11.71,11.53,11.65,382015.0,,0.4310344827586299,
2025-09-02,002312,川发龙蟒,SZ,STOCK,11.69,11.69,11.33,11.39,412182.0,,-2.2317596566523545,
2025-09-03,002312,川发龙蟒,SZ,STOCK,11.41,11.51,11.01,11.06,491301.0,,-2.8972783143108027,
2025-09-04,002312,川发龙蟒,SZ,STOCK,11.06,11.25,10.83,11.01,525281.0,,-0.452079566003627,
2025-09-05,002312,川发龙蟒,SZ,STOCK,11.01,11.37,10.97,11.32,604969.0,,2.8156221616712163,
2025-09-08,002312,川发龙蟒,SZ,STOCK,11.36,11.68,11.27,11.62,629087.0,,2.6501766784452263,
2025-09-09,002312,川发龙蟒,SZ,STOCK,11.58,11.75,11.5,11.6,545410.0,,-0.1721170395869165,
2025-09-10,002312,川发龙蟒,SZ,STOCK,11.52,11.65,11.36,11.49,349195.0,,-0.9482758620689591,
2025-09-11,002312,川发龙蟒,SZ,STOCK,11.47,11.54,11.35,11.54,325886.0,,0.4351610095735259,
2025-09-12,002312,川发龙蟒,SZ,STOCK,11.54,11.65,11.42,11.56,401112.0,,0.17331022530331364,
2025-09-15,002312,川发龙蟒,SZ,STOCK,11.51,11.66,11.51,11.57,309727.0,,0.08650519031141446,
2025-09-16,002312,川发龙蟒,SZ,STOCK,11.54,11.66,11.34,11.53,371341.0,,-0.34572169403630504,
2025-09-17,002312,川发龙蟒,SZ,STOCK,11.46,11.47,11.28,11.3,387942.0,,-1.9947961838681638,
2025-09-18,002312,川发龙蟒,SZ,STOCK,11.3,11.3,10.98,11.08,572184.0,,-1.9469026548672663,
2025-09-19,002312,川发龙蟒,SZ,STOCK,11.1,11.16,11.0,11.07,373058.0,,-0.09025270758122872,
2025-09-22,002312,川发龙蟒,SZ,STOCK,11.02,11.06,10.87,10.95,367378.0,,-1.084010840108407,
2025-09-23,002312,川发龙蟒,SZ,STOCK,10.98,11.0,10.36,10.53,540155.0,,-3.8356164383561597,
2025-09-24,002312,川发龙蟒,SZ,STOCK,10.53,10.64,10.47,10.64,235928.0,,1.0446343779677125,
2025-09-25,002312,川发龙蟒,SZ,STOCK,10.61,10.67,10.51,10.52,239269.0,,-1.1278195488721887,
2025-09-26,002312,川发龙蟒,SZ,STOCK,10.49,10.58,10.42,10.43,215204.0,,-0.8555133079847899,
2025-09-29,002312,川发龙蟒,SZ,STOCK,10.41,10.54,10.22,10.54,268339.0,,1.0546500479386323,
2025-09-30,002312,川发龙蟒,SZ,STOCK,10.58,10.95,10.55,10.74,406262.0,,1.8975332068311257,
2025-10-09,002312,川发龙蟒,SZ,STOCK,10.81,10.91,10.69,10.87,314546.0,,1.2104283054003684,
2025-10-10,002312,川发龙蟒,SZ,STOCK,10.83,11.06,10.76,10.92,327147.0,,0.4599816007359703,
2025-10-13,002312,川发龙蟒,SZ,STOCK,10.59,11.1,10.51,10.94,350105.0,,0.1831501831501825,
2025-10-14,002312,川发龙蟒,SZ,STOCK,10.93,11.08,10.74,10.79,315441.0,,-1.3711151736745975,
2025-10-15,002312,川发龙蟒,SZ,STOCK,10.8,10.97,10.73,10.82,227669.0,,0.2780352177942591,
2025-10-16,002312,川发龙蟒,SZ,STOCK,10.75,10.79,10.55,10.58,250555.0,,-2.2181146025878062,
2025-10-17,002312,川发龙蟒,SZ,STOCK,10.58,10.71,10.35,10.36,227782.0,,-2.0793950850661713,
2025-10-20,002312,川发龙蟒,SZ,STOCK,10.43,10.46,10.27,10.35,222813.0,,-0.09652509652509078,
2025-10-21,002312,川发龙蟒,SZ,STOCK,10.31,10.4,10.25,10.38,180252.0,,0.28985507246377384,
2025-10-22,002312,川发龙蟒,SZ,STOCK,10.35,10.38,10.3,10.32,125469.0,,-0.5780346820809301,
2025-10-23,002312,川发龙蟒,SZ,STOCK,10.32,10.56,10.26,10.54,263999.0,,2.1317829457364157,
2025-10-24,002312,川发龙蟒,SZ,STOCK,11.08,11.39,10.91,10.93,996222.0,,3.700189753320693,
2025-10-27,002312,川发龙蟒,SZ,STOCK,10.94,10.98,10.77,10.79,461440.0,,-1.2808783165599302,
2025-10-28,002312,川发龙蟒,SZ,STOCK,10.8,10.84,10.72,10.73,239162.0,,-0.556070435588496,
2025-10-29,002312,川发龙蟒,SZ,STOCK,10.91,10.95,10.78,10.94,334077.0,,1.9571295433364222,
2025-10-30,002312,川发龙蟒,SZ,STOCK,10.94,11.07,10.91,10.93,373510.0,,-0.0914076782449702,
2025-10-31,002312,川发龙蟒,SZ,STOCK,10.92,11.22,10.92,11.06,498097.0,,1.1893870082342328,
2025-11-03,002312,川发龙蟒,SZ,STOCK,11.07,11.11,10.96,11.01,247801.0,,-0.452079566003627,
2025-11-04,002312,川发龙蟒,SZ,STOCK,10.98,11.02,10.82,10.87,235674.0,,-1.271571298819263,
2025-11-05,002312,川发龙蟒,SZ,STOCK,10.81,11.1,10.77,11.03,322604.0,,1.4719411223551138,
2025-11-06,002312,川发龙蟒,SZ,STOCK,11.03,11.76,11.0,11.65,1358646.0,,5.621033544877618,
2025-11-07,002312,川发龙蟒,SZ,STOCK,11.61,12.55,11.54,12.15,1853165.0,,4.29184549356223,
2025-11-10,002312,川发龙蟒,SZ,STOCK,12.48,13.13,12.34,12.62,2046292.0,,3.8683127572016307,
2025-11-11,002312,川发龙蟒,SZ,STOCK,12.48,13.19,12.42,12.81,1641111.0,,1.5055467511885912,
2025-11-12,002312,川发龙蟒,SZ,STOCK,12.76,12.81,12.32,12.53,1000854.0,,-2.1857923497267895,
2025-11-13,002312,川发龙蟒,SZ,STOCK,12.51,13.17,12.51,12.92,1302778.0,,3.1125299281723917,
2025-11-14,002312,川发龙蟒,SZ,STOCK,12.89,13.21,12.74,12.79,1050277.0,,-1.0061919504643968,
2025-11-17,002312,川发龙蟒,SZ,STOCK,12.75,13.0,12.55,12.76,769378.0,,-0.23455824863173325,
2025-11-18,002312,川发龙蟒,SZ,STOCK,12.68,13.06,12.33,12.49,918278.0,,-2.1159874608150386,
2025-11-19,002312,川发龙蟒,SZ,STOCK,12.49,12.99,12.44,12.7,812101.0,,1.6813450760608362,
2025-11-20,002312,川发龙蟒,SZ,STOCK,12.7,13.54,12.56,12.91,1545298.0,,1.6535433070866246,
2025-11-21,002312,川发龙蟒,SZ,STOCK,12.75,13.01,12.08,12.08,1216108.0,,-6.429124709527501,
2025-11-24,002312,川发龙蟒,SZ,STOCK,12.22,12.3,11.42,11.61,872945.0,,-3.8907284768211925,
2025-11-25,002312,川发龙蟒,SZ,STOCK,11.65,12.14,11.58,11.94,799478.0,,2.84237726098191,
2025-11-26,002312,川发龙蟒,SZ,STOCK,11.93,12.01,11.69,11.71,521068.0,,-1.9262981574539206,
2025-11-27,002312,川发龙蟒,SZ,STOCK,11.66,11.94,11.61,11.67,473196.0,,-0.3415883859948843,
2025-11-28,002312,川发龙蟒,SZ,STOCK,11.67,12.04,11.63,11.93,665797.0,,2.227934875749793,
2025-12-01,002312,川发龙蟒,SZ,STOCK,12.01,12.11,11.81,11.93,556858.0,,0.0,
2025-12-02,002312,川发龙蟒,SZ,STOCK,11.84,11.95,11.72,11.76,375952.0,,-1.4249790444258115,
2025-12-03,002312,川发龙蟒,SZ,STOCK,11.85,11.99,11.49,11.55,489471.0,,-1.7857142857142794,
2025-12-04,002312,川发龙蟒,SZ,STOCK,11.47,11.54,11.16,11.17,490311.0,,-3.2900432900432985,
2025-12-05,002312,川发龙蟒,SZ,STOCK,11.18,11.37,10.99,11.34,362808.0,,1.5219337511190645,
2025-12-08,002312,川发龙蟒,SZ,STOCK,11.35,11.44,11.28,11.34,325549.0,,0.0,
2025-12-09,002312,川发龙蟒,SZ,STOCK,11.31,11.4,11.04,11.06,303459.0,,-2.4691358024691357,
2025-12-10,002312,川发龙蟒,SZ,STOCK,11.09,11.1,10.9,11.04,275873.0,,-0.1808318264014619,
2025-12-11,002312,川发龙蟒,SZ,STOCK,11.07,11.22,10.81,10.81,356425.0,,-2.083333333333326,
2025-12-12,002312,川发龙蟒,SZ,STOCK,10.82,10.91,10.73,10.81,269852.0,,0.0,
2025-12-15,002312,川发龙蟒,SZ,STOCK,10.74,10.87,10.65,10.76,265175.0,,-0.46253469010176795,
2025-12-16,002312,川发龙蟒,SZ,STOCK,10.77,10.8,10.39,10.46,349217.0,,-2.788104089219323,
2025-12-17,002312,川发龙蟒,SZ,STOCK,10.47,10.66,10.4,10.63,285645.0,,1.6252390057361454,
2025-12-18,002312,川发龙蟒,SZ,STOCK,10.58,10.85,10.49,10.62,283252.0,,-0.09407337723426057,
2025-12-19,002312,川发龙蟒,SZ,STOCK,10.67,10.81,10.59,10.79,252657.0,,1.6007532956685555,
2025-12-22,002312,川发龙蟒,SZ,STOCK,10.95,10.99,10.8,10.81,282241.0,,0.1853568118628468,
2025-12-23,002312,川发龙蟒,SZ,STOCK,10.82,11.0,10.74,10.92,312434.0,,1.0175763182238562,
2025-12-24,002312,川发龙蟒,SZ,STOCK,10.92,10.97,10.85,10.93,226620.0,,0.09157509157509125,
2025-12-25,002312,川发龙蟒,SZ,STOCK,10.88,10.94,10.79,10.91,234887.0,,-0.18298261665141702,
2025-12-26,002312,川发龙蟒,SZ,STOCK,10.99,11.26,10.97,11.15,458710.0,,2.1998166819431786,
2025-12-29,002312,川发龙蟒,SZ,STOCK,11.19,11.2,10.94,11.04,322328.0,,-0.9865470852018055,
2025-12-30,002312,川发龙蟒,SZ,STOCK,11.03,11.14,10.88,10.99,316487.0,,-0.45289855072462304,
2025-12-31,002312,川发龙蟒,SZ,STOCK,11.0,11.03,10.83,10.84,273503.0,,-1.364877161055511,
2026-01-05,002312,川发龙蟒,SZ,STOCK,10.97,11.16,10.92,11.12,403082.0,,2.58302583025829,
2026-01-06,002312,川发龙蟒,SZ,STOCK,11.16,11.47,11.13,11.45,514105.0,,2.967625899280568,
2026-01-07,002312,川发龙蟒,SZ,STOCK,11.46,11.54,11.24,11.27,387251.0,,-1.5720524017467263,
2026-01-08,002312,川发龙蟒,SZ,STOCK,11.21,11.43,11.19,11.27,328343.0,,0.0,
2026-01-09,002312,川发龙蟒,SZ,STOCK,11.24,11.31,11.19,11.25,360242.0,,-0.17746228926353025,
2026-01-12,002312,川发龙蟒,SZ,STOCK,11.24,11.39,11.17,11.38,469377.0,,1.1555555555555541,
2026-01-13,002312,川发龙蟒,SZ,STOCK,11.35,11.54,11.27,11.32,551039.0,,-0.5272407732864748,
2026-01-14,002312,川发龙蟒,SZ,STOCK,11.26,11.58,11.22,11.37,621313.0,,0.4416961130741859,
2026-01-15,002312,川发龙蟒,SZ,STOCK,11.34,11.66,11.3,11.52,610032.0,,1.3192612137203241,
2026-01-16,002312,川发龙蟒,SZ,STOCK,11.53,11.57,11.19,11.19,571842.0,,-2.864583333333337,
2026-01-19,002312,川发龙蟒,SZ,STOCK,11.09,11.5,11.01,11.49,568199.0,,2.680965147453085,
2026-01-20,002312,川发龙蟒,SZ,STOCK,11.48,11.65,11.4,11.61,538162.0,,1.0443864229764843,
2026-01-21,002312,川发龙蟒,SZ,STOCK,11.67,11.76,11.49,11.67,559762.0,,0.5167958656330685,
2026-01-22,002312,川发龙蟒,SZ,STOCK,11.79,12.06,11.73,11.89,766132.0,,1.8851756640959838,
2026-01-23,002312,川发龙蟒,SZ,STOCK,12.0,12.91,11.87,12.65,1269545.0,,6.3919259882254,
2026-01-26,002312,川发龙蟒,SZ,STOCK,12.57,12.7,12.28,12.43,949204.0,,-1.7391304347826098,
2026-01-27,002312,川发龙蟒,SZ,STOCK,12.37,12.63,12.11,12.29,700774.0,,-1.1263073209975882,
2026-01-28,002312,川发龙蟒,SZ,STOCK,12.22,12.64,12.21,12.55,732150.0,,2.115541090317352,
2026-01-29,002312,川发龙蟒,SZ,STOCK,12.55,12.81,12.44,12.58,925050.0,,0.23904382470119057,
2026-01-30,002312,川发龙蟒,SZ,STOCK,12.47,12.58,11.84,12.24,830625.0,,-2.7027027027026973,
2026-02-02,002312,川发龙蟒,SZ,STOCK,12.01,12.06,11.45,11.46,697826.0,,-6.372549019607843,
2026-02-03,002312,川发龙蟒,SZ,STOCK,11.66,11.71,11.53,11.7,370892.0,,2.094240837696315,
2026-02-04,002312,川发龙蟒,SZ,STOCK,11.77,11.86,11.64,11.81,370860.0,,0.940170940170959,
2026-02-05,002312,川发龙蟒,SZ,STOCK,11.72,11.82,11.43,11.46,394572.0,,-2.9635901778154117,
2026-02-06,002312,川发龙蟒,SZ,STOCK,11.31,11.75,11.21,11.6,386857.0,,1.2216404886561838,
2026-02-09,002312,川发龙蟒,SZ,STOCK,11.71,11.82,11.6,11.69,284802.0,,0.775862068965516,
2026-02-10,002312,川发龙蟒,SZ,STOCK,11.68,11.68,11.55,11.56,237924.0,,-1.112061591103497,
2026-02-11,002312,川发龙蟒,SZ,STOCK,11.58,11.86,11.52,11.7,352099.0,,1.2110726643598468,
2026-02-12,002312,川发龙蟒,SZ,STOCK,11.66,11.81,11.53,11.7,297730.0,,0.0,
2026-02-13,002312,川发龙蟒,SZ,STOCK,11.65,11.75,11.49,11.51,320606.0,,-1.6239316239316182,
2026-02-24,002312,川发龙蟒,SZ,STOCK,11.92,12.67,11.91,12.67,1162296.0,,10.078192875760216,
2026-02-25,002312,川发龙蟒,SZ,STOCK,12.91,13.95,12.82,13.66,3008110.0,,7.813733228097863,
2026-02-26,002312,川发龙蟒,SZ,STOCK,13.88,14.06,13.39,13.53,2215671.0,,-0.9516837481698404,
2026-02-27,002312,川发龙蟒,SZ,STOCK,13.35,13.76,13.31,13.59,1207195.0,,0.44345898004434225,
2026-03-02,002312,川发龙蟒,SZ,STOCK,13.74,13.92,13.11,13.39,1180570.0,,-1.471670345842524,
2026-03-03,002312,川发龙蟒,SZ,STOCK,13.34,13.46,12.67,12.7,1202146.0,,-5.153099327856614,
2026-03-04,002312,川发龙蟒,SZ,STOCK,12.51,13.56,12.46,13.11,1170264.0,,3.228346456692921,
2026-03-05,002312,川发龙蟒,SZ,STOCK,13.4,13.49,12.88,12.94,803930.0,,-1.2967200610221163,
2026-03-06,002312,川发龙蟒,SZ,STOCK,12.91,13.31,12.71,13.17,941602.0,,1.777434312210202,
2026-03-09,002312,川发龙蟒,SZ,STOCK,13.45,13.45,12.97,13.04,1007139.0,,-0.9870918754745661,
2026-03-10,002312,川发龙蟒,SZ,STOCK,12.9,13.13,12.66,12.74,831171.0,,-2.300613496932502,
2026-03-11,002312,川发龙蟒,SZ,STOCK,12.66,13.01,12.57,12.89,722121.0,,1.1773940345368938,
2026-03-12,002312,川发龙蟒,SZ,STOCK,13.03,13.18,12.69,12.95,969236.0,,0.46547711404187897,
2026-03-13,002312,川发龙蟒,SZ,STOCK,12.97,13.58,12.97,13.24,1461989.0,,2.2393822393822482,
2026-03-16,002312,川发龙蟒,SZ,STOCK,13.21,13.77,12.89,12.96,1195418.0,,-2.114803625377637,
2026-03-17,002312,川发龙蟒,SZ,STOCK,12.87,13.48,12.58,12.61,977673.0,,-2.7006172839506237,
2026-03-18,002312,川发龙蟒,SZ,STOCK,12.51,12.6,12.1,12.26,735711.0,,-2.7755749405233954,
2026-03-19,002312,川发龙蟒,SZ,STOCK,12.23,12.36,11.68,11.76,609270.0,,-4.078303425774877,
2026-03-20,002312,川发龙蟒,SZ,STOCK,11.67,11.76,11.27,11.27,617866.0,,-4.166666666666674,
2026-03-23,002312,川发龙蟒,SZ,STOCK,10.94,11.65,10.82,11.32,819636.0,,0.4436557231588312,
2026-03-24,002312,川发龙蟒,SZ,STOCK,11.41,11.5,10.87,11.2,587344.0,,-1.0600706713780994,
2026-03-25,002312,川发龙蟒,SZ,STOCK,11.19,11.58,11.14,11.45,571966.0,,2.2321428571428603,
2026-03-26,002312,川发龙蟒,SZ,STOCK,11.46,11.57,11.26,11.29,369082.0,,-1.3973799126637543,
2026-03-27,002312,川发龙蟒,SZ,STOCK,11.15,11.93,11.11,11.76,729253.0,,4.1629760850310005,
2026-03-30,002312,川发龙蟒,SZ,STOCK,11.68,11.97,11.65,11.86,515976.0,,0.8503401360544283,
2026-03-31,002312,川发龙蟒,SZ,STOCK,11.78,11.91,11.42,11.44,383354.0,,-3.541315345699836,
2026-04-01,002312,川发龙蟒,SZ,STOCK,11.66,11.73,11.4,11.5,318065.0,,0.5244755244755206,
2026-04-02,002312,川发龙蟒,SZ,STOCK,11.47,11.49,11.18,11.21,255540.0,,-2.5217391304347747,
2026-04-03,002312,川发龙蟒,SZ,STOCK,11.27,11.3,10.85,10.85,305353.0,,-3.211418376449604,
2026-04-07,002312,川发龙蟒,SZ,STOCK,10.85,11.29,10.81,11.25,357643.0,,3.686635944700467,
2026-04-08,002312,川发龙蟒,SZ,STOCK,11.31,11.49,11.12,11.49,387767.0,,2.1333333333333426,
2026-04-09,002312,川发龙蟒,SZ,STOCK,11.48,11.48,11.28,11.31,263070.0,,-1.5665796344647487,
2026-04-10,002312,川发龙蟒,SZ,STOCK,11.37,11.55,11.3,11.38,304538.0,,0.6189213085764811,
2026-04-13,002312,川发龙蟒,SZ,STOCK,11.37,11.53,11.3,11.48,288155.0,,0.8787346221441172,
2026-04-14,002312,川发龙蟒,SZ,STOCK,11.54,11.54,11.35,11.49,242725.0,,0.08710801393727596,
2026-04-15,002312,川发龙蟒,SZ,STOCK,11.52,11.55,11.21,11.26,341581.0,,-2.0017406440382968,
2026-04-16,002312,川发龙蟒,SZ,STOCK,11.26,11.46,11.2,11.38,271217.0,,1.0657193605683846,
2026-04-17,002312,川发龙蟒,SZ,STOCK,11.41,11.51,11.31,11.39,286929.0,,0.08787346221441616,
2026-04-20,002312,川发龙蟒,SZ,STOCK,11.35,11.46,11.28,11.38,272604.0,,-0.08779631255486642,
2026-04-21,002312,川发龙蟒,SZ,STOCK,11.41,11.54,11.22,11.46,344030.0,,0.7029876977152849,
2026-04-22,002312,川发龙蟒,SZ,STOCK,11.47,11.6,11.42,11.53,339002.0,,0.6108202443280808,
2026-04-23,002312,川发龙蟒,SZ,STOCK,11.53,11.57,11.25,11.34,339695.0,,-1.647875108412833,
2026-04-24,002312,川发龙蟒,SZ,STOCK,11.28,11.67,11.28,11.57,491843.0,,2.028218694885364,
2026-04-27,002312,川发龙蟒,SZ,STOCK,11.58,11.59,11.29,11.35,384870.0,,-1.9014693171996555,
2026-04-28,002312,川发龙蟒,SZ,STOCK,11.16,11.16,10.72,10.77,742587.0,,-5.110132158590308,
2026-04-29,002312,川发龙蟒,SZ,STOCK,10.7,11.16,10.62,11.1,437596.0,,3.064066852367686,
2026-04-30,002312,川发龙蟒,SZ,STOCK,11.09,11.14,10.78,10.86,354753.0,,-2.1621621621621623,
2026-05-06,002312,川发龙蟒,SZ,STOCK,10.92,10.97,10.78,10.84,355839.0,,-0.18416206261510082,
2026-05-07,002312,川发龙蟒,SZ,STOCK,10.85,10.87,10.68,10.73,413371.0,,-1.0147601476014678,
2026-05-08,002312,川发龙蟒,SZ,STOCK,10.71,10.83,10.69,10.78,309827.0,,0.4659832246038942,
2026-05-11,002312,川发龙蟒,SZ,STOCK,10.83,11.0,10.81,10.86,425000.0,,0.7421150278293043,
2026-05-12,002312,川发龙蟒,SZ,STOCK,10.89,10.9,10.67,10.71,353534.0,,-1.3812154696132506,
2026-05-13,002312,川发龙蟒,SZ,STOCK,10.71,10.73,10.61,10.66,280273.0,,-0.46685340802988806,
2026-05-14,002312,川发龙蟒,SZ,STOCK,10.67,10.67,10.31,10.32,434469.0,,-3.1894934333958735,
2026-05-15,002312,川发龙蟒,SZ,STOCK,10.3,10.49,10.22,10.23,248564.0,,-0.8720930232558155,
2026-05-18,002312,川发龙蟒,SZ,STOCK,10.09,10.18,9.92,9.94,297633.0,,-2.834799608993166,
2026-05-19,002312,川发龙蟒,SZ,STOCK,9.94,10.04,9.76,9.99,283600.0,,0.5030181086519203,
2026-05-20,002312,川发龙蟒,SZ,STOCK,9.91,9.95,9.74,9.78,213510.0,,-2.1021021021021102,
2026-05-21,002312,川发龙蟒,SZ,STOCK,9.85,9.96,9.63,9.64,266679.0,,-1.4314928425357754,
2026-05-22,002312,川发龙蟒,SZ,STOCK,9.65,9.73,9.56,9.64,176049.0,,0.0,
2026-05-25,002312,川发龙蟒,SZ,STOCK,9.68,9.7,9.37,9.4,273488.0,,-2.4896265560165998,
2026-05-26,002312,川发龙蟒,SZ,STOCK,9.36,9.46,9.24,9.46,231661.0,,0.6382978723404209,
2026-05-27,002312,川发龙蟒,SZ,STOCK,9.46,9.54,9.05,9.08,288670.0,,-4.016913319238913,
2026-05-28,002312,川发龙蟒,SZ,STOCK,9.08,9.14,8.91,9.05,213683.0,,-0.3303964757709221,
2026-05-29,002312,川发龙蟒,SZ,STOCK,9.06,9.1,8.91,8.96,217244.0,,-0.9944751381215422,
2026-06-01,002312,川发龙蟒,SZ,STOCK,8.91,9.11,8.87,9.06,164611.0,,1.116071428571419,
2026-06-02,002312,川发龙蟒,SZ,STOCK,9.09,9.09,8.77,8.85,228709.0,,-2.3178807947019986,
2026-06-03,002312,川发龙蟒,SZ,STOCK,8.88,8.88,8.71,8.78,192558.0,,-0.7909604519774072,
2026-06-04,002312,川发龙蟒,SZ,STOCK,8.74,8.75,8.49,8.57,226934.0,,-2.3917995444191265,
2026-06-05,002312,川发龙蟒,SZ,STOCK,8.57,8.66,8.45,8.53,213315.0,,-0.4667444574095736,
2026-06-08,002312,川发龙蟒,SZ,STOCK,8.36,8.51,8.09,8.18,242547.0,,-4.1031652989449,
2026-06-09,002312,川发龙蟒,SZ,STOCK,8.23,8.29,8.09,8.23,201718.0,,0.6112469437652868,
2026-06-10,002312,川发龙蟒,SZ,STOCK,8.17,8.29,8.13,8.19,177373.0,,-0.486026731470246,
2026-06-11,002312,川发龙蟒,SZ,STOCK,8.26,8.98,8.26,8.79,740752.0,,7.326007326007322,
2026-06-12,002312,川发龙蟒,SZ,STOCK,8.69,9.0,8.4,8.88,682200.0,,1.0238907849829504,
2026-06-15,002312,川发龙蟒,SZ,STOCK,8.84,9.08,8.8,8.93,464919.0,,0.5630630630630407,
2026-06-16,002312,川发龙蟒,SZ,STOCK,8.92,9.0,8.74,8.9,332716.0,,-0.33594624860021627,
2026-06-17,002312,川发龙蟒,SZ,STOCK,8.85,8.85,8.53,8.58,339386.0,,-3.5955056179775347,
2026-06-18,002312,川发龙蟒,SZ,STOCK,8.56,8.62,8.38,8.42,250062.0,,-1.8648018648018683,
2026-06-22,002312,川发龙蟒,SZ,STOCK,8.59,9.26,8.53,9.26,301297.0,,9.976247030878849,
2026-06-23,002312,川发龙蟒,SZ,STOCK,9.82,9.95,9.56,9.59,1084595.0,,3.5637149028077797,
2026-06-24,002312,川发龙蟒,SZ,STOCK,9.5,9.95,9.42,9.88,873951.0,,3.0239833159541263,
2026-06-25,002312,川发龙蟒,SZ,STOCK,9.69,10.84,9.61,10.28,1223105.0,,4.048582995951411,
2026-06-26,002312,川发龙蟒,SZ,STOCK,10.02,10.57,9.73,10.11,848726.0,,-1.6536964980544688,
2026-06-29,002312,川发龙蟒,SZ,STOCK,9.85,9.91,9.41,9.45,550877.0,,-6.528189910979232,
2026-06-30,002312,川发龙蟒,SZ,STOCK,9.31,9.4,9.05,9.17,453916.0,,-2.962962962962956,
2026-07-01,002312,川发龙蟒,SZ,STOCK,9.09,9.58,9.06,9.5,477131.0,,3.598691384950925,
2026-07-02,002312,川发龙蟒,SZ,STOCK,9.4,9.75,9.25,9.46,426247.0,,-0.42105263157893313,
2026-07-03,002312,川发龙蟒,SZ,STOCK,9.39,9.48,9.17,9.2,305522.0,,-2.748414376321373,
2026-07-06,002312,川发龙蟒,SZ,STOCK,9.19,9.5,9.18,9.32,295422.0,,1.3043478260869712,
2026-07-07,002312,川发龙蟒,SZ,STOCK,9.44,9.45,9.18,9.34,283785.0,,0.21459227467810482,
2026-07-08,002312,川发龙蟒,SZ,STOCK,9.23,9.3,8.41,8.42,589620.0,,-9.850107066381153,
2026-07-09,002312,川发龙蟒,SZ,STOCK,8.37,8.45,8.0,8.15,389257.0,,-3.206650831353919,
2026-07-10,002312,川发龙蟒,SZ,STOCK,8.1,8.3,7.91,8.19,272530.0,,0.4907975460122671,
2026-07-13,002312,川发龙蟒,SZ,STOCK,8.1,8.12,7.94,7.96,226775.0,,-2.8083028083027983,
2026-07-14,002312,川发龙蟒,SZ,STOCK,7.91,8.05,7.91,8.04,157589.0,,1.0050251256281229,
2026-07-15,002312,川发龙蟒,SZ,STOCK,8.06,8.19,7.96,8.1,173160.0,,0.7462686567164312,
2026-07-16,002312,川发龙蟒,SZ,STOCK,8.05,8.12,7.99,8.11,151660.0,,0.12345679012344402,
2026-07-17,002312,川发龙蟒,SZ,STOCK,8.09,8.18,7.86,7.92,257396.0,,-2.3427866831072675,
2026-07-20,002312,川发龙蟒,SZ,STOCK,7.9,8.07,7.88,8.01,213149.0,,1.1363636363636243,
2026-07-21,002312,川发龙蟒,SZ,STOCK,7.98,8.17,7.95,8.1,233345.0,,1.1235955056179803,
2026-07-22,002312,川发龙蟒,SZ,STOCK,8.07,8.12,7.98,8.1,182512.0,,0.0,
2026-07-23,002312,川发龙蟒,SZ,STOCK,8.08,8.33,8.0,8.32,290772.0,,2.716049382716057,
2026-07-24,002312,川发龙蟒,SZ,STOCK,8.25,8.32,8.03,8.03,222924.0,,-3.4855769230769384,
2026-07-27,002312,川发龙蟒,SZ,STOCK,7.98,8.2,7.92,8.18,171132.0,,1.8679950186799577,
2026-07-28,002312,川发龙蟒,SZ,STOCK,8.18,8.23,8.11,8.19,145052.0,,0.12224938875304847,
2026-07-29,002312,川发龙蟒,SZ,STOCK,8.15,8.41,8.15,8.34,240854.0,,1.831501831501825,
2026-07-30,002312,川发龙蟒,SZ,STOCK,8.34,8.57,8.31,8.46,235377.0,,1.4388489208633226,
2026-07-31,002312,川发龙蟒,SZ,STOCK,8.35,8.51,8.34,8.48,200053.0,,0.23640661938533203,
2026-08-03,002312,川发龙蟒,SZ,STOCK,8.48,8.6,8.42,8.56,151814.0,,0.9433962264151052,
2026-08-04,002312,川发龙蟒,SZ,STOCK,8.56,8.59,8.46,8.46,187314.0,,-1.1682242990654124,
2026-08-05,002312,川发龙蟒,SZ,STOCK,8.45,8.6,8.39,8.58,229193.0,,1.4184397163120366,
2026-08-06,002312,川发龙蟒,SZ,STOCK,8.54,8.58,8.41,8.49,188791.0,,-1.0489510489510523,
2026-08-07,002312,川发龙蟒,SZ,STOCK,8.46,8.49,8.35,8.45,148704.0,,-0.4711425206124997,
2026-08-10,002312,川发龙蟒,SZ,STOCK,8.48,8.64,8.47,8.61,246641.0,,1.8934911242603603,
2026-08-11,002312,川发龙蟒,SZ,STOCK,8.57,8.65,8.49,8.52,189290.0,,-1.0452961672473893,
2026-08-12,002312,川发龙蟒,SZ,STOCK,8.52,8.6,8.47,8.55,125833.0,,0.35211267605634866,
2026-08-13,002312,川发龙蟒,SZ,STOCK,8.55,8.55,8.38,8.39,191722.0,,-1.8713450292397682,
2026-08-14,002312,川发龙蟒,SZ,STOCK,8.4,8.44,8.33,8.38,123333.0,,-0.11918951132300348,
2026-08-17,002312,川发龙蟒,SZ,STOCK,8.42,8.6,8.32,8.56,235884.0,,2.1479713603818507,
2026-08-18,002312,川发龙蟒,SZ,STOCK,8.52,8.67,8.49,8.64,287948.0,,0.9345794392523477,
2026-08-19,002312,川发龙蟒,SZ,STOCK,8.57,8.6,8.27,8.3,307766.0,,-3.935185185185186,
2026-08-20,002312,川发龙蟒,SZ,STOCK,8.36,8.44,8.18,8.27,212646.0,,-0.3614457831325413,
2026-08-21,002312,川发龙蟒,SZ,STOCK,8.21,8.31,8.12,8.27,116141.0,,0.0,
2025-06-30,002326,永太科技,SZ,STOCK,12.42,13.23,12.4,12.87,370144.0,,3.6231884057970953,
2025-07-01,002326,永太科技,SZ,STOCK,12.93,12.96,12.46,12.65,213571.0,,-1.7094017094017033,
2025-07-02,002326,永太科技,SZ,STOCK,12.56,12.63,12.34,12.4,155195.0,,-1.9762845849802368,
2025-07-03,002326,永太科技,SZ,STOCK,11.96,12.23,11.4,12.16,401371.0,,-1.9354838709677469,
2025-07-04,002326,永太科技,SZ,STOCK,12.18,12.4,11.99,12.3,373881.0,,1.1513157894736947,
2025-07-07,002326,永太科技,SZ,STOCK,12.22,12.38,11.78,11.8,314656.0,,-4.0650406504065035,
2025-07-08,002326,永太科技,SZ,STOCK,11.81,12.66,11.8,12.6,400759.0,,6.7796610169491345,
2025-07-09,002326,永太科技,SZ,STOCK,12.76,13.08,12.56,12.85,431257.0,,1.984126984126977,
2025-07-10,002326,永太科技,SZ,STOCK,12.9,13.8,12.87,13.52,783439.0,,5.214007782101171,
2025-07-11,002326,永太科技,SZ,STOCK,13.39,13.58,13.0,13.32,520598.0,,-1.4792899408283988,
2025-07-14,002326,永太科技,SZ,STOCK,13.3,13.54,13.16,13.33,280513.0,,0.07507507507507061,
2025-07-15,002326,永太科技,SZ,STOCK,13.39,13.58,13.15,13.37,313132.0,,0.30007501875468634,
2025-07-16,002326,永太科技,SZ,STOCK,13.31,13.47,13.12,13.32,238738.0,,-0.37397157816004833,
2025-07-17,002326,永太科技,SZ,STOCK,13.36,13.56,13.23,13.47,219712.0,,1.1261261261261257,
2025-07-18,002326,永太科技,SZ,STOCK,13.41,13.5,12.88,13.11,418305.0,,-2.6726057906458878,
2025-07-21,002326,永太科技,SZ,STOCK,13.01,13.35,13.0,13.35,289207.0,,1.8306636155606348,
2025-07-22,002326,永太科技,SZ,STOCK,13.25,13.39,13.02,13.1,232041.0,,-1.8726591760299671,
2025-07-23,002326,永太科技,SZ,STOCK,13.1,13.27,12.95,12.99,206184.0,,-0.8396946564885432,
2025-07-24,002326,永太科技,SZ,STOCK,12.97,13.86,12.97,13.67,447285.0,,5.234795996920716,
2025-07-25,002326,永太科技,SZ,STOCK,13.82,13.88,13.5,13.54,249021.0,,-0.9509875640087873,
2025-07-28,002326,永太科技,SZ,STOCK,13.56,13.61,13.35,13.43,176861.0,,-0.8124076809453484,
2025-07-29,002326,永太科技,SZ,STOCK,13.38,13.42,13.15,13.26,177369.0,,-1.2658227848101222,
2025-07-30,002326,永太科技,SZ,STOCK,13.27,13.34,12.91,13.07,222491.0,,-1.4328808446455454,
2025-07-31,002326,永太科技,SZ,STOCK,13.07,13.26,12.9,12.97,191762.0,,-0.7651109410864554,
2025-08-01,002326,永太科技,SZ,STOCK,12.98,13.79,12.98,13.5,558249.0,,4.08635312259058,
2025-08-04,002326,永太科技,SZ,STOCK,13.47,13.68,13.06,13.25,420632.0,,-1.851851851851849,
2025-08-05,002326,永太科技,SZ,STOCK,13.25,13.36,13.11,13.2,213686.0,,-0.37735849056603765,
2025-08-06,002326,永太科技,SZ,STOCK,13.16,13.32,13.02,13.15,255567.0,,-0.37878787878786735,
2025-08-07,002326,永太科技,SZ,STOCK,13.16,13.6,13.08,13.16,393491.0,,0.07604562737641984,
2025-08-08,002326,永太科技,SZ,STOCK,13.17,14.03,13.17,13.68,736952.0,,3.951367781155013,
2025-08-11,002326,永太科技,SZ,STOCK,13.7,14.09,13.59,14.0,484626.0,,2.3391812865497075,
2025-08-12,002326,永太科技,SZ,STOCK,13.99,13.99,13.62,13.91,328941.0,,-0.642857142857145,
2025-08-13,002326,永太科技,SZ,STOCK,13.85,14.48,13.71,14.2,469795.0,,2.084831056793668,
2025-08-14,002326,永太科技,SZ,STOCK,14.21,14.3,13.72,13.79,331507.0,,-2.887323943661968,
2025-08-15,002326,永太科技,SZ,STOCK,13.75,14.13,13.73,14.0,239638.0,,1.5228426395939243,
2025-08-18,002326,永太科技,SZ,STOCK,14.45,15.4,14.45,15.4,400563.0,,10.000000000000009,
2025-08-19,002326,永太科技,SZ,STOCK,16.47,16.48,15.42,15.78,1284570.0,,2.467532467532463,
2025-08-20,002326,永太科技,SZ,STOCK,15.53,16.0,15.18,15.55,640424.0,,-1.457541191381484,
2025-08-21,002326,永太科技,SZ,STOCK,15.88,16.06,15.35,15.39,548804.0,,-1.028938906752408,
2025-08-22,002326,永太科技,SZ,STOCK,15.45,15.49,15.11,15.17,413850.0,,-1.4294996751137101,
2025-08-25,002326,永太科技,SZ,STOCK,15.34,15.69,15.16,15.47,492771.0,,1.9775873434410007,
2025-08-26,002326,永太科技,SZ,STOCK,15.44,15.65,15.17,15.59,388150.0,,0.7756948933419494,
2025-08-27,002326,永太科技,SZ,STOCK,15.68,15.69,14.79,14.79,514711.0,,-5.131494547787052,
2025-08-28,002326,永太科技,SZ,STOCK,14.8,15.18,14.51,15.13,431068.0,,2.298850574712663,
2025-08-29,002326,永太科技,SZ,STOCK,15.13,15.29,14.91,15.11,325264.0,,-0.13218770654329637,
2025-09-01,002326,永太科技,SZ,STOCK,15.11,15.45,14.97,15.34,339173.0,,1.5221707478491053,
2025-09-02,002326,永太科技,SZ,STOCK,15.5,16.05,15.36,15.72,597463.0,,2.4771838331160367,
2025-09-03,002326,永太科技,SZ,STOCK,15.65,15.85,15.09,15.12,337897.0,,-3.8167938931297773,
2025-09-04,002326,永太科技,SZ,STOCK,15.18,15.8,14.67,14.92,498059.0,,-1.3227513227513144,
2025-09-05,002326,永太科技,SZ,STOCK,14.89,15.98,14.84,15.95,775754.0,,6.903485254691688,
2025-09-08,002326,永太科技,SZ,STOCK,16.1,17.55,15.9,17.55,876773.0,,10.031347962382453,
2025-09-09,002326,永太科技,SZ,STOCK,17.68,18.3,17.55,17.77,1049567.0,,1.2535612535612417,
2025-09-10,002326,永太科技,SZ,STOCK,17.65,17.9,17.1,17.37,728604.0,,-2.2509848058525517,
2025-09-11,002326,永太科技,SZ,STOCK,17.28,17.69,16.75,17.59,529082.0,,1.2665515256188753,
2025-09-12,002326,永太科技,SZ,STOCK,17.62,17.87,17.28,17.3,496157.0,,-1.6486640136441078,
2025-09-15,002326,永太科技,SZ,STOCK,17.31,17.63,17.11,17.14,371135.0,,-0.9248554913294793,
2025-09-16,002326,永太科技,SZ,STOCK,17.05,17.16,16.5,16.99,446069.0,,-0.875145857642956,
2025-09-17,002326,永太科技,SZ,STOCK,16.95,17.2,16.77,16.99,320829.0,,0.0,
2025-09-18,002326,永太科技,SZ,STOCK,16.99,17.06,16.21,16.46,403506.0,,-3.1194820482636665,
2025-09-19,002326,永太科技,SZ,STOCK,16.51,17.69,16.51,17.36,725043.0,,5.467800729040095,
2025-09-22,002326,永太科技,SZ,STOCK,17.57,17.74,17.17,17.28,423411.0,,-0.4608294930875445,
2025-09-23,002326,永太科技,SZ,STOCK,17.17,17.19,15.63,16.18,678916.0,,-6.365740740740744,
2025-09-24,002326,永太科技,SZ,STOCK,16.2,16.7,16.03,16.63,405734.0,,2.781211372064263,
2025-09-25,002326,永太科技,SZ,STOCK,16.8,17.58,16.8,17.06,457458.0,,2.5856885147324205,
2025-09-26,002326,永太科技,SZ,STOCK,17.1,18.0,16.88,16.89,602614.0,,-0.9964830011723214,
2025-09-29,002326,永太科技,SZ,STOCK,16.91,17.64,16.91,17.64,595310.0,,4.440497335701599,
2025-09-30,002326,永太科技,SZ,STOCK,17.59,17.98,17.35,17.46,471612.0,,-1.0204081632653073,
2025-10-09,002326,永太科技,SZ,STOCK,17.58,17.65,17.0,17.23,419823.0,,-1.3172966781214268,
2025-10-10,002326,永太科技,SZ,STOCK,17.21,17.58,16.72,17.25,545993.0,,0.11607661056296514,
2025-10-13,002326,永太科技,SZ,STOCK,16.5,17.95,16.08,17.85,691907.0,,3.4782608695652195,
2025-10-14,002326,永太科技,SZ,STOCK,18.01,18.15,16.6,16.66,655343.0,,-6.666666666666677,
2025-10-15,002326,永太科技,SZ,STOCK,16.61,17.18,16.26,17.09,350662.0,,2.5810324129651896,
2025-10-16,002326,永太科技,SZ,STOCK,17.04,17.6,16.48,17.01,546885.0,,-0.4681100058513632,
2025-10-17,002326,永太科技,SZ,STOCK,16.95,17.2,16.01,16.01,424056.0,,-5.87889476778366,
2025-10-20,002326,永太科技,SZ,STOCK,16.2,16.6,16.1,16.48,299254.0,,2.9356652092442204,
2025-10-21,002326,永太科技,SZ,STOCK,16.45,17.38,16.21,16.94,473724.0,,2.7912621359223344,
2025-10-22,002326,永太科技,SZ,STOCK,16.83,16.89,16.13,16.43,321320.0,,-3.0106257378984758,
2025-10-23,002326,永太科技,SZ,STOCK,16.43,16.55,16.0,16.25,286075.0,,-1.0955569080949412,
2025-10-24,002326,永太科技,SZ,STOCK,16.3,16.74,16.26,16.56,257073.0,,1.9076923076922991,
2025-10-27,002326,永太科技,SZ,STOCK,16.63,18.18,16.63,17.67,816462.0,,6.702898550724656,
2025-10-28,002326,永太科技,SZ,STOCK,17.53,18.65,17.53,18.18,693606.0,,2.8862478777589073,
2025-10-29,002326,永太科技,SZ,STOCK,17.8,18.06,17.43,17.88,550519.0,,-1.650165016501659,
2025-10-30,002326,永太科技,SZ,STOCK,17.89,18.53,17.74,18.35,769369.0,,2.6286353467561696,
2025-10-31,002326,永太科技,SZ,STOCK,18.66,20.19,18.6,19.48,1284048.0,,6.158038147138956,
2025-11-03,002326,永太科技,SZ,STOCK,19.42,19.61,18.44,18.67,885706.0,,-4.158110882956867,
2025-11-04,002326,永太科技,SZ,STOCK,18.66,19.19,18.2,18.37,533678.0,,-1.6068559185859699,
2025-11-05,002326,永太科技,SZ,STOCK,17.8,18.68,17.8,18.41,403396.0,,0.21774632553075435,
2025-11-06,002326,永太科技,SZ,STOCK,18.5,19.64,18.5,19.15,660169.0,,4.019554589896779,
2025-11-07,002326,永太科技,SZ,STOCK,19.42,21.07,19.11,21.07,1427826.0,,10.026109660574424,
2025-11-10,002326,永太科技,SZ,STOCK,22.51,23.18,22.2,22.76,1911270.0,,8.020882771713334,
2025-11-11,002326,永太科技,SZ,STOCK,22.95,25.04,22.95,25.04,1255382.0,,10.017574692442865,
2025-11-12,002326,永太科技,SZ,STOCK,25.3,27.54,25.05,27.23,2306964.0,,8.746006389776362,
2025-11-13,002326,永太科技,SZ,STOCK,28.22,29.95,28.1,29.95,2311562.0,,9.988982739625406,
2025-11-14,002326,永太科技,SZ,STOCK,29.0,29.58,27.88,28.21,2027809.0,,-5.809682804674454,
2025-11-17,002326,永太科技,SZ,STOCK,28.8,31.03,28.25,31.03,1775598.0,,9.996455157745476,
2025-11-18,002326,永太科技,SZ,STOCK,32.64,33.0,28.01,28.87,2173460.0,,-6.961005478569127,
2025-11-19,002326,永太科技,SZ,STOCK,29.59,30.83,29.4,30.0,1713716.0,,3.9140976792518156,
2025-11-20,002326,永太科技,SZ,STOCK,29.54,30.53,27.95,27.98,1342071.0,,-6.733333333333336,
2025-11-21,002326,永太科技,SZ,STOCK,26.53,27.28,25.18,25.18,1030941.0,,-10.007147962830597,
2025-11-24,002326,永太科技,SZ,STOCK,24.93,24.96,23.52,23.83,1041593.0,,-5.36139793486895,
2025-11-25,002326,永太科技,SZ,STOCK,24.18,24.82,23.39,24.32,1114236.0,,2.056231640788919,
2025-11-26,002326,永太科技,SZ,STOCK,24.31,24.45,23.51,23.87,748341.0,,-1.8503289473684181,
2025-11-27,002326,永太科技,SZ,STOCK,23.66,24.72,23.6,24.23,1038506.0,,1.5081692501047295,
2025-11-28,002326,永太科技,SZ,STOCK,24.0,26.2,23.91,25.69,1382090.0,,6.025588113908387,
2025-12-01,002326,永太科技,SZ,STOCK,25.76,26.44,24.79,25.0,1251153.0,,-2.685869988322309,
2025-12-02,002326,永太科技,SZ,STOCK,24.79,25.2,24.16,24.66,626277.0,,-1.3599999999999945,
2025-12-03,002326,永太科技,SZ,STOCK,24.85,25.0,23.42,23.64,602130.0,,-4.136253041362526,
2025-12-04,002326,永太科技,SZ,STOCK,23.65,23.9,22.87,22.9,504977.0,,-3.130287648054153,
2025-12-05,002326,永太科技,SZ,STOCK,22.9,23.28,22.43,22.98,429296.0,,0.3493449781659441,
2025-12-08,002326,永太科技,SZ,STOCK,22.98,23.35,22.69,23.17,445576.0,,0.8268059181897325,
2025-12-09,002326,永太科技,SZ,STOCK,23.02,23.26,22.7,22.92,328564.0,,-1.0789814415192112,
2025-12-10,002326,永太科技,SZ,STOCK,22.99,23.75,22.62,23.36,656658.0,,1.9197207678882888,
2025-12-11,002326,永太科技,SZ,STOCK,23.5,24.88,23.5,23.73,863310.0,,1.5839041095890405,
2025-12-12,002326,永太科技,SZ,STOCK,23.73,24.07,21.68,22.02,926077.0,,-7.2060682680151755,
2025-12-15,002326,永太科技,SZ,STOCK,22.46,22.8,22.13,22.43,523463.0,,1.8619436875567663,
2025-12-16,002326,永太科技,SZ,STOCK,22.56,22.69,21.32,21.58,442000.0,,-3.789567543468575,
2025-12-17,002326,永太科技,SZ,STOCK,22.0,23.42,21.55,23.3,760665.0,,7.9703429101019685,
2025-12-18,002326,永太科技,SZ,STOCK,23.2,23.47,22.01,22.06,657651.0,,-5.321888412017173,
2025-12-19,002326,永太科技,SZ,STOCK,22.38,23.49,21.89,23.05,683613.0,,4.487760652765194,
2025-12-22,002326,永太科技,SZ,STOCK,23.56,24.24,23.25,23.45,724824.0,,1.7353579175704903,
2025-12-23,002326,永太科技,SZ,STOCK,23.73,25.19,23.63,24.55,1050411.0,,4.6908315565032055,
2025-12-24,002326,永太科技,SZ,STOCK,24.31,25.48,24.25,24.77,1090201.0,,0.8961303462321712,
2025-12-25,002326,永太科技,SZ,STOCK,24.22,25.12,24.01,24.6,650223.0,,-0.6863140896245401,
2025-12-26,002326,永太科技,SZ,STOCK,25.03,27.06,25.02,27.06,1500896.0,,9.999999999999986,
2025-12-29,002326,永太科技,SZ,STOCK,26.62,26.69,24.8,25.16,1142851.0,,-7.021433850702142,
2025-12-30,002326,永太科技,SZ,STOCK,24.81,26.75,24.21,25.6,889326.0,,1.7488076311605871,
2025-12-31,002326,永太科技,SZ,STOCK,25.51,25.78,24.86,24.92,503126.0,,-2.6562499999999933,
2026-01-05,002326,永太科技,SZ,STOCK,25.39,26.16,24.66,26.08,893875.0,,4.654895666131598,
2026-01-06,002326,永太科技,SZ,STOCK,26.6,26.79,25.8,25.91,918021.0,,-0.6518404907975395,
2026-01-07,002326,永太科技,SZ,STOCK,25.63,26.28,25.25,25.57,692449.0,,-1.3122346584330313,
2026-01-08,002326,永太科技,SZ,STOCK,25.35,25.99,24.86,24.93,608686.0,,-2.5029331247555797,
2026-01-09,002326,永太科技,SZ,STOCK,24.89,26.57,24.85,26.09,976038.0,,4.653028479743271,
2026-01-12,002326,永太科技,SZ,STOCK,26.2,27.15,25.74,26.0,752502.0,,-0.3449597546952843,
2026-01-13,002326,永太科技,SZ,STOCK,25.88,26.63,25.33,25.61,843367.0,,-1.5000000000000013,
2026-01-14,002326,永太科技,SZ,STOCK,25.38,26.18,24.65,24.99,790623.0,,-2.4209293244826235,
2026-01-15,002326,永太科技,SZ,STOCK,24.88,27.0,24.76,26.23,924460.0,,4.961984793917584,
2026-01-16,002326,永太科技,SZ,STOCK,26.24,27.75,25.89,27.22,1070797.0,,3.7743042317956554,
2026-01-19,002326,永太科技,SZ,STOCK,27.48,28.93,27.48,28.15,829704.0,,3.4166054371785437,
2026-01-20,002326,永太科技,SZ,STOCK,28.0,28.35,26.61,26.93,736083.0,,-4.333925399644755,
2026-01-21,002326,永太科技,SZ,STOCK,26.9,27.62,26.73,26.98,503030.0,,0.18566654288898476,
2026-01-22,002326,永太科技,SZ,STOCK,26.84,28.9,26.5,28.79,943848.0,,6.708673091178641,
2026-01-23,002326,永太科技,SZ,STOCK,28.93,30.43,28.4,30.05,889351.0,,4.376519624869757,
2026-01-26,002326,永太科技,SZ,STOCK,30.2,30.47,29.47,30.28,747813.0,,0.7653910149750365,
2026-01-27,002326,永太科技,SZ,STOCK,30.29,30.54,27.3,28.4,947920.0,,-6.208718626155885,
2026-01-28,002326,永太科技,SZ,STOCK,28.23,29.2,27.27,28.79,697253.0,,1.373239436619711,
2026-01-29,002326,永太科技,SZ,STOCK,28.5,28.78,27.4,27.52,529335.0,,-4.411253907606804,
2026-01-30,002326,永太科技,SZ,STOCK,25.78,26.32,24.77,25.65,994350.0,,-6.795058139534882,
2026-02-02,002326,永太科技,SZ,STOCK,25.5,26.3,25.07,25.12,408819.0,,-2.066276803118894,
2026-02-03,002326,永太科技,SZ,STOCK,25.57,26.59,25.3,26.48,498743.0,,5.414012738853491,
2026-02-04,002326,永太科技,SZ,STOCK,26.5,26.82,25.65,26.49,418689.0,,0.03776435045317328,
2026-02-05,002326,永太科技,SZ,STOCK,26.45,26.92,25.81,26.15,295936.0,,-1.283503208758019,
2026-02-06,002326,永太科技,SZ,STOCK,25.89,28.77,25.6,28.77,1016628.0,,10.019120458891017,
2026-02-24,002326,永太科技,SZ,STOCK,25.89,25.89,25.89,25.89,110391.0,,-10.010427528675702,
2026-02-25,002326,永太科技,SZ,STOCK,25.0,26.5,24.71,25.78,1227113.0,,-0.4248744689069106,
2026-02-26,002326,永太科技,SZ,STOCK,26.17,26.2,24.8,25.12,666816.0,,-2.560124127230412,
2026-02-27,002326,永太科技,SZ,STOCK,25.0,25.1,24.27,24.66,466392.0,,-1.8312101910828105,
2026-03-02,002326,永太科技,SZ,STOCK,24.39,24.83,23.83,24.31,428097.0,,-1.4193025141930327,
2026-03-03,002326,永太科技,SZ,STOCK,24.57,24.8,22.48,22.6,530601.0,,-7.034142328259962,
2026-03-04,002326,永太科技,SZ,STOCK,22.47,22.98,22.11,22.37,301690.0,,-1.017699115044246,
2026-03-05,002326,永太科技,SZ,STOCK,22.81,22.98,22.42,22.68,247747.0,,1.3857845328564933,
2026-03-06,002326,永太科技,SZ,STOCK,22.46,23.05,22.37,22.79,271837.0,,0.4850088183421475,
2026-03-09,002326,永太科技,SZ,STOCK,22.3,23.0,21.76,22.88,426817.0,,0.39491004826677223,
2026-03-10,002326,永太科技,SZ,STOCK,23.23,23.58,23.05,23.26,286455.0,,1.660839160839167,
2026-03-11,002326,永太科技,SZ,STOCK,23.23,24.08,23.11,23.9,448047.0,,2.751504729148735,
2026-03-12,002326,永太科技,SZ,STOCK,23.7,24.16,23.4,23.7,353190.0,,-0.8368200836820106,
2026-03-13,002326,永太科技,SZ,STOCK,23.62,24.5,23.42,24.11,402911.0,,1.7299578059071674,
2026-03-16,002326,永太科技,SZ,STOCK,24.09,24.69,23.96,24.34,387086.0,,0.9539610120282038,
2026-03-17,002326,永太科技,SZ,STOCK,24.22,24.67,23.88,23.91,398237.0,,-1.766639276910431,
2026-03-18,002326,永太科技,SZ,STOCK,23.91,24.35,23.58,23.9,280984.0,,-0.04182350480971264,
2026-03-19,002326,永太科技,SZ,STOCK,23.7,23.71,22.2,22.32,362469.0,,-6.61087866108786,
2026-03-20,002326,永太科技,SZ,STOCK,22.64,22.98,21.68,21.72,374613.0,,-2.6881720430107614,
2026-03-23,002326,永太科技,SZ,STOCK,21.23,21.93,20.71,20.9,396972.0,,-3.7753222836095834,
2026-03-24,002326,永太科技,SZ,STOCK,21.25,21.87,20.93,21.82,445727.0,,4.401913875598096,
2026-03-25,002326,永太科技,SZ,STOCK,21.84,22.28,21.37,22.19,400576.0,,1.6956920256645303,
2026-03-26,002326,永太科技,SZ,STOCK,22.1,23.43,21.98,22.3,589272.0,,0.49571879224876714,
2026-03-27,002326,永太科技,SZ,STOCK,22.14,23.5,22.07,23.21,648983.0,,4.080717488789243,
2026-03-30,002326,永太科技,SZ,STOCK,23.12,23.75,22.95,23.61,437212.0,,1.723395088323998,
2026-03-31,002326,永太科技,SZ,STOCK,23.31,23.58,22.8,22.8,327633.0,,-3.4307496823379857,
2026-04-01,002326,永太科技,SZ,STOCK,23.23,23.87,22.76,23.25,380083.0,,1.9736842105263053,
2026-04-02,002326,永太科技,SZ,STOCK,23.1,23.24,22.5,22.67,262152.0,,-2.4946236559139745,
2026-04-03,002326,永太科技,SZ,STOCK,22.78,22.96,21.91,22.16,209767.0,,-2.249669166299084,
2026-04-07,002326,永太科技,SZ,STOCK,22.31,22.72,21.88,22.23,202111.0,,0.3158844765343005,
2026-04-08,002326,永太科技,SZ,STOCK,22.63,23.23,22.51,23.15,305347.0,,4.138551506972554,
2026-04-09,002326,永太科技,SZ,STOCK,22.96,23.46,22.45,23.03,279756.0,,-0.5183585313174865,
2026-04-10,002326,永太科技,SZ,STOCK,23.15,23.78,23.1,23.52,422013.0,,2.127659574468077,
2026-04-13,002326,永太科技,SZ,STOCK,23.13,23.68,23.13,23.58,291474.0,,0.25510204081631294,
2026-04-14,002326,永太科技,SZ,STOCK,23.78,25.25,23.62,25.05,610761.0,,6.234096692111968,
2026-04-15,002326,永太科技,SZ,STOCK,25.0,25.06,24.01,24.65,500153.0,,-1.5968063872255578,
2026-04-16,002326,永太科技,SZ,STOCK,24.84,25.0,24.51,24.72,358728.0,,0.28397565922921864,
2026-04-17,002326,永太科技,SZ,STOCK,24.55,25.2,24.42,24.67,329025.0,,-0.20226537216827545,
2026-04-20,002326,永太科技,SZ,STOCK,24.68,25.1,24.44,24.53,288167.0,,-0.5674908796108658,
2026-04-21,002326,永太科技,SZ,STOCK,24.55,24.87,24.09,24.82,378719.0,,1.1822258459029733,
2026-04-22,002326,永太科技,SZ,STOCK,24.91,26.52,24.91,24.97,546307.0,,0.6043513295729275,
2026-04-23,002326,永太科技,SZ,STOCK,24.9,26.14,24.04,25.31,639917.0,,1.361633960752906,
2026-04-24,002326,永太科技,SZ,STOCK,24.94,26.5,24.72,26.22,741337.0,,3.5954168312919865,
2026-04-27,002326,永太科技,SZ,STOCK,26.22,27.7,26.1,27.22,738579.0,,3.8138825324180115,
2026-04-28,002326,永太科技,SZ,STOCK,26.0,26.0,24.5,24.5,882976.0,,-9.992652461425422,
2026-04-29,002326,永太科技,SZ,STOCK,23.89,24.85,23.27,24.59,665542.0,,0.3673469387755146,
2026-04-30,002326,永太科技,SZ,STOCK,24.41,25.25,24.01,24.46,527318.0,,-0.5286701911346059,
2026-05-06,002326,永太科技,SZ,STOCK,24.57,25.67,24.57,25.4,721306.0,,3.8430089942763646,
2026-05-07,002326,永太科技,SZ,STOCK,25.1,25.1,24.3,24.52,578692.0,,-3.46456692913385,
2026-05-08,002326,永太科技,SZ,STOCK,24.26,24.89,23.5,23.7,508023.0,,-3.344208809135396,
2026-05-11,002326,永太科技,SZ,STOCK,23.7,24.18,23.25,23.42,465619.0,,-1.181434599156106,
2026-05-12,002326,永太科技,SZ,STOCK,23.43,23.55,22.87,23.17,318557.0,,-1.0674637062339842,
2026-05-13,002326,永太科技,SZ,STOCK,23.17,23.34,22.88,23.17,236605.0,,0.0,
2026-05-14,002326,永太科技,SZ,STOCK,23.11,23.13,22.0,22.0,384326.0,,-5.049633146309896,
2026-05-15,002326,永太科技,SZ,STOCK,22.4,24.1,22.37,23.52,714435.0,,6.909090909090909,
2026-05-18,002326,永太科技,SZ,STOCK,23.41,23.41,22.68,22.91,310098.0,,-2.593537414965985,
2026-05-19,002326,永太科技,SZ,STOCK,22.57,22.7,21.88,22.35,283711.0,,-2.444347446529893,
2026-05-20,002326,永太科技,SZ,STOCK,22.2,23.26,22.03,23.09,361974.0,,3.3109619686800817,
2026-05-21,002326,永太科技,SZ,STOCK,23.21,24.46,22.56,22.68,473771.0,,-1.7756604590731917,
2026-05-22,002326,永太科技,SZ,STOCK,22.7,24.84,22.2,24.26,774499.0,,6.9664902998236355,
2026-05-25,002326,永太科技,SZ,STOCK,23.84,24.0,22.6,22.73,646464.0,,-6.306677658697446,
2026-05-26,002326,永太科技,SZ,STOCK,22.5,22.81,21.8,22.08,338561.0,,-2.85965684117907,
2026-05-27,002326,永太科技,SZ,STOCK,22.05,22.63,21.61,21.7,306652.0,,-1.7210144927536142,
2026-05-28,002326,永太科技,SZ,STOCK,21.65,21.97,20.88,21.32,269298.0,,-1.751152073732709,
2026-05-29,002326,永太科技,SZ,STOCK,21.32,21.64,20.59,20.7,276807.0,,-2.908067542213888,
2026-06-01,002326,永太科技,SZ,STOCK,20.65,21.94,20.6,21.39,261862.0,,3.3333333333333437,
2026-06-02,002326,永太科技,SZ,STOCK,21.28,21.6,20.73,20.92,200828.0,,-2.1972884525479186,
2026-06-03,002326,永太科技,SZ,STOCK,20.95,22.56,20.68,21.95,490838.0,,4.923518164435925,
2026-06-04,002326,永太科技,SZ,STOCK,21.91,22.29,21.44,21.95,246097.0,,0.0,
2026-06-05,002326,永太科技,SZ,STOCK,21.86,22.1,21.22,21.9,273715.0,,-0.2277904328018221,
2026-06-08,002326,永太科技,SZ,STOCK,21.36,23.28,21.08,23.13,659260.0,,5.616438356164388,
2026-06-09,002326,永太科技,SZ,STOCK,23.78,23.95,22.03,22.92,672099.0,,-0.9079118028534228,
2026-06-10,002326,永太科技,SZ,STOCK,22.6,23.17,21.88,21.9,381328.0,,-4.450261780104725,
2026-06-11,002326,永太科技,SZ,STOCK,21.69,22.3,21.03,22.2,342708.0,,1.3698630136986356,
2026-06-12,002326,永太科技,SZ,STOCK,22.2,22.26,21.44,21.62,285100.0,,-2.612612612612608,
2026-06-15,002326,永太科技,SZ,STOCK,21.94,22.27,21.69,21.89,244437.0,,1.2488436632747346,
2026-06-16,002326,永太科技,SZ,STOCK,21.88,22.78,21.3,22.43,426842.0,,2.46687985381453,
2026-06-17,002326,永太科技,SZ,STOCK,22.21,22.56,21.76,22.39,368125.0,,-0.1783325902808719,
2026-06-18,002326,永太科技,SZ,STOCK,22.6,23.73,21.76,23.21,635549.0,,3.66234926306388,
2026-06-22,002326,永太科技,SZ,STOCK,23.55,25.23,23.07,24.86,826729.0,,7.109004739336489,
2026-06-23,002326,永太科技,SZ,STOCK,24.62,25.47,24.46,25.05,706515.0,,0.7642799678198031,
2026-06-24,002326,永太科技,SZ,STOCK,25.95,26.38,24.35,24.68,852700.0,,-1.4770459081836385,
2026-06-25,002326,永太科技,SZ,STOCK,23.65,25.95,23.65,25.48,776061.0,,3.241491085899506,
2026-06-26,002326,永太科技,SZ,STOCK,25.5,26.2,24.15,24.48,706625.0,,-3.9246467817896424,
2026-06-29,002326,永太科技,SZ,STOCK,24.05,24.9,23.4,23.91,499680.0,,-2.3284313725490224,
2026-06-30,002326,永太科技,SZ,STOCK,23.66,24.45,23.0,23.65,517985.0,,-1.0874111250522844,
2026-07-01,002326,永太科技,SZ,STOCK,25.4,26.02,24.78,26.02,583136.0,,10.021141649048637,
2026-07-02,002326,永太科技,SZ,STOCK,26.99,28.62,26.63,28.0,2135465.0,,7.609531129900082,
2026-07-03,002326,永太科技,SZ,STOCK,27.81,28.29,25.2,25.81,1562629.0,,-7.821428571428579,
2026-07-06,002326,永太科技,SZ,STOCK,25.52,26.0,23.8,23.81,988726.0,,-7.748934521503292,
2026-07-07,002326,永太科技,SZ,STOCK,23.9,24.5,23.54,23.61,636537.0,,-0.8399832003359919,
2026-07-08,002326,永太科技,SZ,STOCK,23.34,23.51,21.25,21.51,818379.0,,-8.894536213468863,
2026-07-09,002326,永太科技,SZ,STOCK,21.31,21.58,19.7,20.81,771336.0,,-3.2543003254300484,
2026-07-10,002326,永太科技,SZ,STOCK,20.78,20.87,20.0,20.01,546805.0,,-3.844305622296962,
2026-07-13,002326,永太科技,SZ,STOCK,19.8,19.8,18.2,18.29,527542.0,,-8.595702148925543,
2026-07-14,002326,永太科技,SZ,STOCK,18.05,18.53,17.88,18.36,357021.0,,0.3827227993439042,
2026-07-15,002326,永太科技,SZ,STOCK,18.36,18.85,18.0,18.31,310423.0,,-0.2723311546841023,
2026-07-16,002326,永太科技,SZ,STOCK,18.0,18.59,17.69,18.15,265486.0,,-0.8738394320043752,
2026-07-17,002326,永太科技,SZ,STOCK,18.09,18.65,18.01,18.23,400519.0,,0.44077134986226785,
2026-07-20,002326,永太科技,SZ,STOCK,18.22,18.23,16.41,16.41,440821.0,,-9.983543609434998,
2026-07-21,002326,永太科技,SZ,STOCK,15.85,16.85,15.31,16.69,500327.0,,1.7062766605728363,
2026-07-22,002326,永太科技,SZ,STOCK,16.5,16.77,16.1,16.24,327716.0,,-2.696225284601572,
2026-07-23,002326,永太科技,SZ,STOCK,16.28,17.19,16.26,17.17,416957.0,,5.726600985221686,
2026-07-24,002326,永太科技,SZ,STOCK,17.53,18.89,17.53,17.97,783028.0,,4.659289458357585,
2026-07-27,002326,永太科技,SZ,STOCK,18.6,19.68,18.1,19.44,794198.0,,8.180300500834736,
2026-07-28,002326,永太科技,SZ,STOCK,18.88,19.62,18.42,18.52,548078.0,,-4.73251028806585,
2026-07-29,002326,永太科技,SZ,STOCK,18.44,19.1,17.71,18.86,510204.0,,1.8358531317494542,
2026-07-30,002326,永太科技,SZ,STOCK,18.76,18.93,18.41,18.41,336594.0,,-2.3860021208907733,
2026-07-31,002326,永太科技,SZ,STOCK,18.29,19.1,18.2,18.25,364019.0,,-0.869092884302014,
2026-08-03,002326,永太科技,SZ,STOCK,18.01,18.48,17.81,18.34,241261.0,,0.49315068493149816,
2026-08-04,002326,永太科技,SZ,STOCK,18.34,18.81,18.25,18.75,234126.0,,2.235550708833145,
2026-08-05,002326,永太科技,SZ,STOCK,18.61,19.33,18.59,19.2,322246.0,,2.400000000000002,
2026-08-06,002326,永太科技,SZ,STOCK,19.1,19.41,19.0,19.31,356421.0,,0.5729166666666563,
2026-08-07,002326,永太科技,SZ,STOCK,19.31,19.58,19.0,19.5,342005.0,,0.9839461418954087,
2026-08-10,002326,永太科技,SZ,STOCK,19.5,19.89,19.27,19.47,286385.0,,-0.15384615384615996,
2026-08-11,002326,永太科技,SZ,STOCK,19.31,19.58,19.15,19.33,212986.0,,-0.7190549563430904,
2026-08-12,002326,永太科技,SZ,STOCK,19.3,19.77,19.25,19.47,203879.0,,0.7242628039317189,
2026-08-13,002326,永太科技,SZ,STOCK,19.54,19.78,19.3,19.31,258301.0,,-0.8217770929635382,
2026-08-14,002326,永太科技,SZ,STOCK,19.33,19.99,19.32,19.58,293982.0,,1.3982392542724043,
2026-08-17,002326,永太科技,SZ,STOCK,19.59,20.98,19.33,20.91,529034.0,,6.792645556690502,
2026-08-18,002326,永太科技,SZ,STOCK,20.91,21.64,20.9,21.29,557432.0,,1.8173122907699568,
2026-08-19,002326,永太科技,SZ,STOCK,21.1,21.88,20.92,20.97,561235.0,,-1.5030530765617667,
2026-08-20,002326,永太科技,SZ,STOCK,21.25,21.63,20.07,20.16,471423.0,,-3.862660944205998,
2026-08-21,002326,永太科技,SZ,STOCK,20.0,20.56,19.83,20.13,292713.0,,-0.14880952380953438,
2025-06-30,300153,科泰电源,SZ,STOCK,33.86,35.38,33.59,33.78,400409.0,,-1.3146362839614234,
2025-07-01,300153,科泰电源,SZ,STOCK,34.94,35.31,32.11,32.34,371068.0,,-4.262877442273528,
2025-07-02,300153,科泰电源,SZ,STOCK,31.88,32.13,30.98,31.4,221320.0,,-2.9066171923314954,
2025-07-03,300153,科泰电源,SZ,STOCK,31.63,31.75,31.04,31.51,158798.0,,0.3503184713375962,
2025-07-04,300153,科泰电源,SZ,STOCK,31.6,32.58,31.44,31.74,242668.0,,0.7299270072992581,
2025-07-07,300153,科泰电源,SZ,STOCK,30.91,32.22,30.63,32.06,184822.0,,1.0081915563957322,
2025-07-08,300153,科泰电源,SZ,STOCK,31.86,32.69,31.48,32.63,215223.0,,1.7779164067373676,
2025-07-09,300153,科泰电源,SZ,STOCK,32.33,32.83,31.28,31.42,209067.0,,-3.7082439472877704,
2025-07-10,300153,科泰电源,SZ,STOCK,31.48,31.84,30.03,30.06,218088.0,,-4.328453214513061,
2025-07-11,300153,科泰电源,SZ,STOCK,29.94,30.43,29.62,30.26,169544.0,,0.6653359946773296,
2025-07-14,300153,科泰电源,SZ,STOCK,30.81,32.72,30.63,31.92,324310.0,,5.485789821546594,
2025-07-15,300153,科泰电源,SZ,STOCK,32.06,34.73,31.73,33.93,556414.0,,6.296992481203012,
2025-07-16,300153,科泰电源,SZ,STOCK,34.53,35.76,33.42,33.84,498031.0,,-0.2652519893899141,
2025-07-17,300153,科泰电源,SZ,STOCK,32.94,34.39,32.64,33.73,323603.0,,-0.3250591016548676,
2025-07-18,300153,科泰电源,SZ,STOCK,33.44,35.05,33.43,34.39,380240.0,,1.956715090423966,
2025-07-21,300153,科泰电源,SZ,STOCK,33.61,33.88,32.53,32.76,363693.0,,-4.73974992730446,
2025-07-22,300153,科泰电源,SZ,STOCK,32.67,33.03,32.13,32.38,216800.0,,-1.1599511599511447,
2025-07-23,300153,科泰电源,SZ,STOCK,32.04,32.75,31.7,32.14,160764.0,,-0.7411982705373799,
2025-07-24,300153,科泰电源,SZ,STOCK,32.11,32.38,31.77,32.0,149308.0,,-0.43559427504666903,
2025-07-25,300153,科泰电源,SZ,STOCK,32.23,32.23,31.41,32.17,156981.0,,0.5312500000000053,
2025-07-28,300153,科泰电源,SZ,STOCK,31.94,32.88,31.83,32.72,212540.0,,1.7096673919801075,
2025-07-29,300153,科泰电源,SZ,STOCK,32.48,32.88,31.71,32.26,215142.0,,-1.4058679706601462,
2025-07-30,300153,科泰电源,SZ,STOCK,33.1,33.73,31.8,32.23,257207.0,,-0.09299442033477989,
2025-07-31,300153,科泰电源,SZ,STOCK,31.61,33.22,31.54,32.82,319286.0,,1.8305926155755659,
2025-08-01,300153,科泰电源,SZ,STOCK,32.45,32.8,30.97,31.07,242940.0,,-5.33211456429007,
2025-08-04,300153,科泰电源,SZ,STOCK,31.13,31.62,30.94,31.52,135277.0,,1.448342452526541,
2025-08-05,300153,科泰电源,SZ,STOCK,31.66,31.7,30.73,31.04,164781.0,,-1.5228426395939132,
2025-08-06,300153,科泰电源,SZ,STOCK,31.42,32.58,31.01,31.78,239449.0,,2.3840206185567148,
2025-08-07,300153,科泰电源,SZ,STOCK,31.81,32.43,31.02,31.16,181908.0,,-1.950912523599746,
2025-08-08,300153,科泰电源,SZ,STOCK,31.04,31.92,30.73,31.19,127538.0,,0.09627727856227342,
2025-08-11,300153,科泰电源,SZ,STOCK,31.53,33.81,31.46,33.27,461002.0,,6.668804103879444,
2025-08-12,300153,科泰电源,SZ,STOCK,32.73,32.83,31.99,32.36,290400.0,,-2.73519687406073,
2025-08-13,300153,科泰电源,SZ,STOCK,32.2,34.03,31.9,33.73,439669.0,,4.233621755253392,
2025-08-14,300153,科泰电源,SZ,STOCK,33.74,34.98,33.05,34.06,498307.0,,0.978357545211983,
2025-08-15,300153,科泰电源,SZ,STOCK,33.93,36.41,33.63,35.62,513760.0,,4.580152671755711,
2025-08-18,300153,科泰电源,SZ,STOCK,35.77,42.76,35.77,42.76,581015.0,,20.044918585064565,
2025-08-19,300153,科泰电源,SZ,STOCK,46.07,49.91,44.78,47.18,889296.0,,10.33676333021516,
2025-08-20,300153,科泰电源,SZ,STOCK,46.41,50.43,44.81,49.83,698846.0,,5.616786774056792,
2025-08-21,300153,科泰电源,SZ,STOCK,48.33,50.91,45.81,46.32,517196.0,,-7.0439494280553845,
2025-08-22,300153,科泰电源,SZ,STOCK,46.19,47.49,44.92,47.14,431397.0,,1.770293609671847,
2025-08-25,300153,科泰电源,SZ,STOCK,47.93,48.26,46.24,46.94,429679.0,,-0.42426813746287984,
2025-08-26,300153,科泰电源,SZ,STOCK,46.35,47.1,45.23,46.3,334277.0,,-1.3634426927993215,
2025-08-27,300153,科泰电源,SZ,STOCK,45.49,47.83,43.88,45.23,533702.0,,-2.3110151187904937,
2025-08-28,300153,科泰电源,SZ,STOCK,44.73,45.34,42.43,44.33,428737.0,,-1.9898297590095093,
2025-08-29,300153,科泰电源,SZ,STOCK,44.34,44.34,42.24,42.63,298756.0,,-3.834874802616728,
2025-09-01,300153,科泰电源,SZ,STOCK,43.63,43.73,41.41,41.7,269838.0,,-2.181562280084448,
2025-09-02,300153,科泰电源,SZ,STOCK,41.81,41.91,37.7,38.1,335132.0,,-8.633093525179858,
2025-09-03,300153,科泰电源,SZ,STOCK,38.15,38.53,36.84,37.08,205455.0,,-2.677165354330713,
2025-09-04,300153,科泰电源,SZ,STOCK,37.43,38.14,34.53,35.36,251390.0,,-4.638619201725991,
2025-09-05,300153,科泰电源,SZ,STOCK,35.45,37.8,34.97,37.6,344804.0,,6.334841628959276,
2025-09-08,300153,科泰电源,SZ,STOCK,37.19,37.43,36.21,36.64,259708.0,,-2.553191489361706,
2025-09-09,300153,科泰电源,SZ,STOCK,36.42,37.03,35.48,35.73,201721.0,,-2.483624454148481,
2025-09-10,300153,科泰电源,SZ,STOCK,36.2,37.21,36.2,36.48,342612.0,,2.099076406381184,
2025-09-11,300153,科泰电源,SZ,STOCK,39.09,42.08,39.06,39.91,644080.0,,9.402412280701755,
2025-09-12,300153,科泰电源,SZ,STOCK,38.93,41.9,38.8,38.98,530767.0,,-2.330243046855429,
2025-09-15,300153,科泰电源,SZ,STOCK,38.18,39.55,37.48,38.5,374906.0,,-1.2314007183170772,
2025-09-16,300153,科泰电源,SZ,STOCK,38.01,39.16,37.76,38.9,274640.0,,1.0389610389610393,
2025-09-17,300153,科泰电源,SZ,STOCK,38.53,40.07,38.13,39.3,331735.0,,1.0282776349614275,
2025-09-18,300153,科泰电源,SZ,STOCK,38.94,39.93,37.57,38.3,333249.0,,-2.5445292620865145,
2025-09-19,300153,科泰电源,SZ,STOCK,37.94,38.45,37.05,37.32,203284.0,,-2.5587467362924166,
2025-09-22,300153,科泰电源,SZ,STOCK,37.73,38.68,37.29,38.68,184893.0,,3.644158628081451,
2025-09-23,300153,科泰电源,SZ,STOCK,39.23,40.33,37.83,39.12,385193.0,,1.1375387797311287,
2025-09-24,300153,科泰电源,SZ,STOCK,38.31,39.2,37.31,38.59,249435.0,,-1.354805725971353,
2025-09-25,300153,科泰电源,SZ,STOCK,38.46,42.24,38.33,42.23,615669.0,,9.432495465146395,
2025-09-26,300153,科泰电源,SZ,STOCK,40.93,42.13,39.43,39.44,406093.0,,-6.60667771726261,
2025-09-29,300153,科泰电源,SZ,STOCK,39.21,41.34,38.95,39.91,269087.0,,1.191683569979718,
2025-09-30,300153,科泰电源,SZ,STOCK,39.61,41.81,39.61,40.22,291026.0,,0.7767476822851505,
2025-10-09,300153,科泰电源,SZ,STOCK,39.44,40.13,38.62,39.12,281955.0,,-2.7349577324714103,
2025-10-10,300153,科泰电源,SZ,STOCK,38.83,38.87,36.34,36.52,258628.0,,-6.646216768916147,
2025-10-13,300153,科泰电源,SZ,STOCK,33.23,35.38,33.23,35.0,182173.0,,-4.162102957283686,
2025-10-14,300153,科泰电源,SZ,STOCK,35.39,36.5,33.83,34.03,166961.0,,-2.771428571428569,
2025-10-15,300153,科泰电源,SZ,STOCK,33.86,35.52,33.28,35.25,161383.0,,3.5850719952982724,
2025-10-16,300153,科泰电源,SZ,STOCK,35.21,35.43,34.15,34.46,104855.0,,-2.241134751773044,
2025-10-17,300153,科泰电源,SZ,STOCK,34.53,34.61,32.24,32.25,150854.0,,-6.413232733604179,
2025-10-20,300153,科泰电源,SZ,STOCK,33.0,33.38,32.44,33.19,107030.0,,2.914728682170531,
2025-10-21,300153,科泰电源,SZ,STOCK,33.21,33.79,32.98,33.6,104502.0,,1.2353118409159425,
2025-10-22,300153,科泰电源,SZ,STOCK,33.55,33.83,33.16,33.24,85790.0,,-1.0714285714285676,
2025-10-23,300153,科泰电源,SZ,STOCK,33.06,33.14,32.0,32.7,113894.0,,-1.6245487364620947,
2025-10-24,300153,科泰电源,SZ,STOCK,32.92,33.68,32.91,33.56,108528.0,,2.629969418960232,
2025-10-27,300153,科泰电源,SZ,STOCK,34.13,34.51,33.42,34.21,158586.0,,1.9368295589988094,
2025-10-28,300153,科泰电源,SZ,STOCK,34.19,38.21,33.69,36.73,480124.0,,7.366267173341123,
2025-10-29,300153,科泰电源,SZ,STOCK,35.94,36.23,34.76,35.52,331616.0,,-3.2943098284780703,
2025-10-30,300153,科泰电源,SZ,STOCK,35.43,35.95,34.13,34.24,226031.0,,-3.603603603603611,
2025-10-31,300153,科泰电源,SZ,STOCK,34.26,34.86,34.14,34.46,126854.0,,0.6425233644859807,
2025-11-03,300153,科泰电源,SZ,STOCK,34.16,34.71,33.68,34.5,117463.0,,0.11607661056296514,
2025-11-04,300153,科泰电源,SZ,STOCK,34.38,35.19,33.53,33.96,131914.0,,-1.565217391304341,
2025-11-05,300153,科泰电源,SZ,STOCK,32.94,34.87,32.83,34.47,153972.0,,1.5017667844522853,
2025-11-06,300153,科泰电源,SZ,STOCK,34.53,37.22,34.43,36.31,432973.0,,5.337975050768784,
2025-11-07,300153,科泰电源,SZ,STOCK,35.33,36.19,35.09,35.15,234177.0,,-3.194712200495742,
2025-11-10,300153,科泰电源,SZ,STOCK,35.07,35.14,33.45,33.84,201058.0,,-3.7268847795163484,
2025-11-11,300153,科泰电源,SZ,STOCK,34.13,34.93,33.17,33.37,163475.0,,-1.3888888888889062,
2025-11-12,300153,科泰电源,SZ,STOCK,32.96,33.03,32.16,32.31,122112.0,,-3.176505843572053,
2025-11-13,300153,科泰电源,SZ,STOCK,32.3,33.13,32.0,32.99,121813.0,,2.1046115753636574,
2025-11-14,300153,科泰电源,SZ,STOCK,32.5,32.52,31.59,31.59,122544.0,,-4.243710215216733,
2025-11-17,300153,科泰电源,SZ,STOCK,31.53,32.0,31.47,31.93,74746.0,,1.076289965178856,
2025-11-18,300153,科泰电源,SZ,STOCK,31.92,31.92,31.43,31.6,72747.0,,-1.0335108048856845,
2025-11-19,300153,科泰电源,SZ,STOCK,31.51,31.72,30.47,30.79,100983.0,,-2.563291139240509,
2025-11-20,300153,科泰电源,SZ,STOCK,31.33,31.39,30.33,30.5,72860.0,,-0.9418642416368916,
2025-11-21,300153,科泰电源,SZ,STOCK,29.94,30.23,29.13,29.13,97511.0,,-4.491803278688533,
2025-11-24,300153,科泰电源,SZ,STOCK,29.34,30.62,29.04,30.42,128062.0,,4.428424304840384,
2025-11-25,300153,科泰电源,SZ,STOCK,30.61,32.28,30.44,31.26,191279.0,,2.7613412228796763,
2025-11-26,300153,科泰电源,SZ,STOCK,31.28,31.56,30.86,30.93,109006.0,,-1.0556621880998152,
2025-11-27,300153,科泰电源,SZ,STOCK,31.13,31.43,30.61,30.78,84146.0,,-0.4849660523763344,
2025-11-28,300153,科泰电源,SZ,STOCK,30.69,31.02,30.54,30.87,76863.0,,0.29239766081872176,
2025-12-01,300153,科泰电源,SZ,STOCK,30.98,31.16,30.71,31.03,78069.0,,0.5183025591188883,
2025-12-02,300153,科泰电源,SZ,STOCK,31.03,31.03,29.94,30.13,88553.0,,-2.9004189494038046,
2025-12-03,300153,科泰电源,SZ,STOCK,30.16,30.33,29.48,29.63,82502.0,,-1.6594756057085935,
2025-12-04,300153,科泰电源,SZ,STOCK,29.63,30.5,29.02,29.88,101538.0,,0.8437394532568421,
2025-12-05,300153,科泰电源,SZ,STOCK,29.69,30.63,29.46,30.5,91209.0,,2.0749665327978617,
2025-12-08,300153,科泰电源,SZ,STOCK,30.55,31.41,30.46,31.19,116602.0,,2.262295081967225,
2025-12-09,300153,科泰电源,SZ,STOCK,32.98,35.61,31.63,31.84,400181.0,,2.0840012824623333,
2025-12-10,300153,科泰电源,SZ,STOCK,31.28,31.59,30.02,30.55,256721.0,,-4.051507537688437,
2025-12-11,300153,科泰电源,SZ,STOCK,30.99,31.35,29.93,29.93,153161.0,,-2.0294599018003345,
2025-12-12,300153,科泰电源,SZ,STOCK,29.96,31.23,29.79,30.84,189494.0,,3.0404276645506156,
2025-12-15,300153,科泰电源,SZ,STOCK,30.69,31.22,29.8,29.83,134615.0,,-3.27496757457848,
2025-12-16,300153,科泰电源,SZ,STOCK,29.63,29.82,28.52,28.78,136857.0,,-3.5199463627220817,
2025-12-17,300153,科泰电源,SZ,STOCK,28.78,29.84,28.74,29.81,128407.0,,3.5788742182070843,
2025-12-18,300153,科泰电源,SZ,STOCK,29.3,29.69,28.88,28.89,104210.0,,-3.08621268030862,
2025-12-19,300153,科泰电源,SZ,STOCK,29.21,29.48,28.73,28.83,79022.0,,-0.20768431983385627,
2025-12-22,300153,科泰电源,SZ,STOCK,28.91,29.41,28.91,29.12,93349.0,,1.0058966354491883,
2025-12-23,300153,科泰电源,SZ,STOCK,29.16,29.91,28.99,29.53,156931.0,,1.407967032967039,
2025-12-24,300153,科泰电源,SZ,STOCK,29.53,31.53,29.35,30.74,266089.0,,4.0975279376904705,
2025-12-25,300153,科泰电源,SZ,STOCK,30.51,30.7,30.11,30.3,146609.0,,-1.4313597918022003,
2025-12-26,300153,科泰电源,SZ,STOCK,30.23,30.31,29.64,29.85,127118.0,,-1.4851485148514865,
2025-12-29,300153,科泰电源,SZ,STOCK,29.66,30.18,29.47,29.57,95689.0,,-0.9380234505862672,
2025-12-30,300153,科泰电源,SZ,STOCK,29.43,29.76,29.18,29.63,96460.0,,0.202908353060538,
2025-12-31,300153,科泰电源,SZ,STOCK,29.58,29.58,28.99,29.0,108560.0,,-2.1262234222072185,
2026-01-05,300153,科泰电源,SZ,STOCK,29.08,29.78,29.08,29.78,120629.0,,2.6896551724137963,
2026-01-06,300153,科泰电源,SZ,STOCK,30.09,30.33,29.64,30.33,146034.0,,1.8468770987239758,
2026-01-07,300153,科泰电源,SZ,STOCK,30.34,31.23,30.04,31.05,226828.0,,2.3738872403560984,
2026-01-08,300153,科泰电源,SZ,STOCK,31.43,35.93,31.33,33.54,690726.0,,8.019323671497581,
2026-01-09,300153,科泰电源,SZ,STOCK,34.32,36.28,33.43,35.96,557250.0,,7.215265354800238,
2026-01-12,300153,科泰电源,SZ,STOCK,37.13,37.13,34.65,34.87,439591.0,,-3.0311457174638567,
2026-01-13,300153,科泰电源,SZ,STOCK,34.84,35.75,33.78,33.86,346205.0,,-2.8964726125609297,
2026-01-14,300153,科泰电源,SZ,STOCK,33.79,35.23,33.39,34.49,344483.0,,1.8606024808033084,
2026-01-15,300153,科泰电源,SZ,STOCK,33.59,34.12,32.94,33.27,205621.0,,-3.537257175993036,
2026-01-16,300153,科泰电源,SZ,STOCK,33.91,34.29,33.07,33.67,191742.0,,1.2022843402464733,
2026-01-19,300153,科泰电源,SZ,STOCK,33.25,34.11,32.93,33.41,180392.0,,-0.7722007722007929,
2026-01-20,300153,科泰电源,SZ,STOCK,33.23,33.51,31.81,32.08,194853.0,,-3.9808440586650673,
2026-01-21,300153,科泰电源,SZ,STOCK,34.06,34.88,32.95,33.32,260719.0,,3.8653366583541127,
2026-01-22,300153,科泰电源,SZ,STOCK,32.68,37.91,32.35,37.06,690484.0,,11.22448979591837,
2026-01-23,300153,科泰电源,SZ,STOCK,35.93,37.45,35.49,36.24,399231.0,,-2.21262817053427,
2026-01-26,300153,科泰电源,SZ,STOCK,36.43,36.81,34.95,35.48,250971.0,,-2.0971302428256178,
2026-01-27,300153,科泰电源,SZ,STOCK,35.09,35.45,34.06,35.21,189791.0,,-0.7609921082299742,
2026-01-28,300153,科泰电源,SZ,STOCK,35.13,35.92,34.39,34.57,176067.0,,-1.8176654359556954,
2026-01-29,300153,科泰电源,SZ,STOCK,34.38,34.51,32.83,32.85,220635.0,,-4.975412207115992,
2026-01-30,300153,科泰电源,SZ,STOCK,32.45,34.32,31.82,33.41,195694.0,,1.7047184170471796,
2026-02-02,300153,科泰电源,SZ,STOCK,33.05,33.73,32.25,32.25,126817.0,,-3.472014366955989,
2026-02-03,300153,科泰电源,SZ,STOCK,32.66,35.23,32.66,34.91,310323.0,,8.248062015503876,
2026-02-04,300153,科泰电源,SZ,STOCK,34.28,34.64,33.17,33.83,173989.0,,-3.0936694356917704,
2026-02-05,300153,科泰电源,SZ,STOCK,33.28,33.63,31.73,32.36,174546.0,,-4.345255690215777,
2026-02-06,300153,科泰电源,SZ,STOCK,31.98,32.66,31.44,31.82,123987.0,,-1.6687268232385644,
2026-02-09,300153,科泰电源,SZ,STOCK,32.43,33.92,31.99,33.3,188703.0,,4.6511627906976605,
2026-02-10,300153,科泰电源,SZ,STOCK,33.04,34.38,33.0,34.0,163235.0,,2.1021021021021102,
2026-02-11,300153,科泰电源,SZ,STOCK,33.88,34.28,33.19,33.39,133996.0,,-1.7941176470588238,
2026-02-12,300153,科泰电源,SZ,STOCK,33.57,35.38,33.57,34.92,243403.0,,4.582210242587603,
2026-02-13,300153,科泰电源,SZ,STOCK,34.65,35.48,34.15,34.18,147817.0,,-2.119129438717071,
2026-02-24,300153,科泰电源,SZ,STOCK,34.31,34.43,32.74,33.48,135101.0,,-2.047981275599775,
2026-02-25,300153,科泰电源,SZ,STOCK,33.52,35.43,33.49,34.54,181470.0,,3.16606929510157,
2026-02-26,300153,科泰电源,SZ,STOCK,34.78,36.11,34.1,35.95,264727.0,,4.0822235089751135,
2026-02-27,300153,科泰电源,SZ,STOCK,35.55,39.33,34.83,39.04,534203.0,,8.595271210013887,
2026-03-02,300153,科泰电源,SZ,STOCK,37.93,40.02,37.07,38.57,395465.0,,-1.2038934426229497,
2026-03-03,300153,科泰电源,SZ,STOCK,39.06,39.07,34.93,35.01,340907.0,,-9.229971480425203,
2026-03-04,300153,科泰电源,SZ,STOCK,34.34,36.88,34.03,35.03,209384.0,,0.05712653527565337,
2026-03-05,300153,科泰电源,SZ,STOCK,35.76,37.31,35.23,36.92,324509.0,,5.395375392520707,
2026-03-06,300153,科泰电源,SZ,STOCK,37.33,41.33,37.13,39.37,537248.0,,6.635969664138663,
2026-03-09,300153,科泰电源,SZ,STOCK,37.45,38.58,36.73,38.25,343303.0,,-2.844805689611374,
2026-03-10,300153,科泰电源,SZ,STOCK,38.5,39.08,37.03,37.87,324311.0,,-0.9934640522875848,
2026-03-11,300153,科泰电源,SZ,STOCK,37.54,38.71,36.61,36.85,358601.0,,-2.6934248745708933,
2026-03-12,300153,科泰电源,SZ,STOCK,37.09,37.1,34.59,35.49,317919.0,,-3.6906377204884655,
2026-03-13,300153,科泰电源,SZ,STOCK,34.86,35.42,33.37,33.56,235898.0,,-5.438151591997742,
2026-03-16,300153,科泰电源,SZ,STOCK,33.41,33.41,31.94,32.89,156947.0,,-1.9964243146603167,
2026-03-17,300153,科泰电源,SZ,STOCK,33.07,33.31,31.36,31.46,171918.0,,-4.347826086956519,
2026-03-18,300153,科泰电源,SZ,STOCK,31.73,32.56,31.41,32.44,130966.0,,3.1150667514303843,
2026-03-19,300153,科泰电源,SZ,STOCK,31.48,31.97,30.62,30.83,157370.0,,-4.963008631319354,
2026-03-20,300153,科泰电源,SZ,STOCK,31.26,31.28,29.51,29.52,147591.0,,-4.249108011676938,
2026-03-23,300153,科泰电源,SZ,STOCK,28.78,29.84,27.95,28.14,127283.0,,-4.674796747967481,
2026-03-24,300153,科泰电源,SZ,STOCK,28.92,29.03,28.0,28.77,96426.0,,2.238805970149249,
2026-03-25,300153,科泰电源,SZ,STOCK,28.25,29.04,28.23,28.7,145706.0,,-0.24330900243308973,
2026-03-26,300153,科泰电源,SZ,STOCK,28.43,28.68,25.94,26.37,246134.0,,-8.1184668989547,
2026-03-27,300153,科泰电源,SZ,STOCK,26.0,26.31,25.43,26.06,134039.0,,-1.175578308684122,
2026-03-30,300153,科泰电源,SZ,STOCK,25.82,26.99,25.53,26.69,141758.0,,2.417498081350744,
2026-03-31,300153,科泰电源,SZ,STOCK,26.43,26.51,25.62,25.62,109968.0,,-4.008992131884604,
2026-04-01,300153,科泰电源,SZ,STOCK,26.07,26.27,25.51,25.77,117893.0,,0.5854800936768045,
2026-04-02,300153,科泰电源,SZ,STOCK,25.58,26.01,24.44,24.57,126787.0,,-4.656577415599528,
2026-04-03,300153,科泰电源,SZ,STOCK,24.83,25.32,23.62,25.08,173913.0,,2.0757020757020683,
2026-04-07,300153,科泰电源,SZ,STOCK,24.75,24.81,24.11,24.27,110377.0,,-3.229665071770327,
2026-04-08,300153,科泰电源,SZ,STOCK,25.09,26.73,25.03,26.53,227351.0,,9.311907704985579,
2026-04-09,300153,科泰电源,SZ,STOCK,26.29,27.26,26.09,26.34,169831.0,,-0.7161703731624613,
2026-04-10,300153,科泰电源,SZ,STOCK,26.63,27.18,26.5,26.75,172727.0,,1.5565679574791158,
2026-04-13,300153,科泰电源,SZ,STOCK,26.45,26.95,26.32,26.38,112328.0,,-1.3831775700934634,
2026-04-14,300153,科泰电源,SZ,STOCK,26.53,27.14,26.53,27.14,143096.0,,2.8809704321455687,
2026-04-15,300153,科泰电源,SZ,STOCK,27.27,27.66,26.73,26.79,136699.0,,-1.2896094325718588,
2026-04-16,300153,科泰电源,SZ,STOCK,27.13,28.84,27.02,28.71,255615.0,,7.166853303471443,
2026-04-17,300153,科泰电源,SZ,STOCK,28.43,28.81,27.74,28.45,194076.0,,-0.905607802159536,
2026-04-20,300153,科泰电源,SZ,STOCK,28.25,30.29,27.94,29.29,251037.0,,2.9525483304042144,
2026-04-21,300153,科泰电源,SZ,STOCK,28.81,28.88,27.83,28.21,194418.0,,-3.687265278251961,
2026-04-22,300153,科泰电源,SZ,STOCK,28.03,28.28,27.73,28.19,124557.0,,-0.07089684509039573,
2026-04-23,300153,科泰电源,SZ,STOCK,28.03,28.85,27.43,27.68,132092.0,,-1.8091521816246958,
2026-04-24,300153,科泰电源,SZ,STOCK,27.04,27.54,26.78,27.27,119674.0,,-1.4812138728323654,
2026-04-27,300153,科泰电源,SZ,STOCK,27.93,28.89,27.93,28.13,192111.0,,3.1536486982031597,
2026-04-28,300153,科泰电源,SZ,STOCK,27.78,29.51,27.78,28.73,268413.0,,2.1329541414859543,
2026-04-29,300153,科泰电源,SZ,STOCK,28.59,29.89,28.33,29.68,233643.0,,3.306648103028187,
2026-04-30,300153,科泰电源,SZ,STOCK,29.61,33.48,29.01,31.59,535935.0,,6.435309973045822,
2026-05-06,300153,科泰电源,SZ,STOCK,31.63,32.13,30.94,31.39,395625.0,,-0.6331117442228584,
2026-05-07,300153,科泰电源,SZ,STOCK,31.29,31.63,30.94,31.35,232323.0,,-0.12742911755335706,
2026-05-08,300153,科泰电源,SZ,STOCK,30.96,31.0,30.19,30.23,218312.0,,-3.572567783094105,
2026-05-11,300153,科泰电源,SZ,STOCK,30.8,31.23,30.43,30.78,188571.0,,1.819384717168382,
2026-05-12,300153,科泰电源,SZ,STOCK,31.02,31.11,29.69,30.5,192144.0,,-0.9096816114359974,
2026-05-13,300153,科泰电源,SZ,STOCK,30.3,34.07,30.16,33.33,479223.0,,9.278688524590152,
2026-05-14,300153,科泰电源,SZ,STOCK,33.64,33.94,31.65,31.68,323050.0,,-4.950495049504944,
2026-05-15,300153,科泰电源,SZ,STOCK,31.58,33.16,31.34,31.73,304403.0,,0.15782828282828731,
2026-05-18,300153,科泰电源,SZ,STOCK,31.33,32.68,30.91,32.33,238059.0,,1.8909549322407848,
2026-05-19,300153,科泰电源,SZ,STOCK,34.79,34.91,30.27,31.42,341516.0,,-2.81472316733683,
2026-05-20,300153,科泰电源,SZ,STOCK,30.46,31.95,30.46,31.23,210258.0,,-0.6047103755569716,
2026-05-21,300153,科泰电源,SZ,STOCK,30.94,31.12,28.43,28.57,274807.0,,-8.517451168748003,
2026-05-22,300153,科泰电源,SZ,STOCK,28.62,29.88,28.52,29.62,172187.0,,3.675183759187961,
2026-05-25,300153,科泰电源,SZ,STOCK,29.62,30.93,29.45,29.94,133835.0,,1.080351114112088,
2026-05-26,300153,科泰电源,SZ,STOCK,29.66,29.68,28.63,29.04,114128.0,,-3.006012024048099,
2026-05-27,300153,科泰电源,SZ,STOCK,28.9,29.42,27.87,28.07,142062.0,,-3.34022038567493,
2026-05-28,300153,科泰电源,SZ,STOCK,27.89,28.74,27.83,28.37,99894.0,,1.0687566797292547,
2026-05-29,300153,科泰电源,SZ,STOCK,28.39,28.98,26.69,26.96,131534.0,,-4.970038773352137,
2026-06-01,300153,科泰电源,SZ,STOCK,26.95,27.58,26.35,26.4,96962.0,,-2.077151335311578,
2026-06-02,300153,科泰电源,SZ,STOCK,26.42,26.61,25.3,26.06,85317.0,,-1.2878787878787823,
2026-06-03,300153,科泰电源,SZ,STOCK,25.8,26.75,25.68,26.17,96795.0,,0.4221028396009352,
2026-06-04,300153,科泰电源,SZ,STOCK,25.94,26.47,25.8,26.02,75933.0,,-0.5731753916698556,
2026-06-05,300153,科泰电源,SZ,STOCK,26.02,26.36,25.13,25.79,87818.0,,-0.8839354342813244,
2026-06-08,300153,科泰电源,SZ,STOCK,25.05,25.3,23.97,24.17,105148.0,,-6.281504459092657,
2026-06-09,300153,科泰电源,SZ,STOCK,24.65,24.98,24.2,24.65,87791.0,,1.9859329747620835,
2026-06-10,300153,科泰电源,SZ,STOCK,24.3,24.62,23.09,23.43,111234.0,,-4.949290060851919,
2026-06-11,300153,科泰电源,SZ,STOCK,23.25,23.44,22.57,22.82,80099.0,,-2.6034997865983733,
2026-06-12,300153,科泰电源,SZ,STOCK,23.23,23.9,23.07,23.75,103834.0,,4.075372480280448,
2026-06-15,300153,科泰电源,SZ,STOCK,24.18,24.94,23.85,24.87,108483.0,,4.7157894736842065,
2026-06-16,300153,科泰电源,SZ,STOCK,24.89,26.0,24.73,25.53,119205.0,,2.6537997587454676,
2026-06-17,300153,科泰电源,SZ,STOCK,25.2,25.73,25.03,25.29,87398.0,,-0.9400705052879044,
2026-06-18,300153,科泰电源,SZ,STOCK,25.23,25.6,25.05,25.55,81541.0,,1.0280743376828827,
2026-06-22,300153,科泰电源,SZ,STOCK,25.69,26.15,24.63,25.26,96314.0,,-1.1350293542074286,
2026-06-23,300153,科泰电源,SZ,STOCK,25.0,25.4,24.1,24.3,90634.0,,-3.8004750593824244,
2026-06-24,300153,科泰电源,SZ,STOCK,24.28,24.53,23.63,24.4,80131.0,,0.411522633744843,
2026-06-25,300153,科泰电源,SZ,STOCK,24.22,24.5,23.51,23.75,84072.0,,-2.6639344262294973,
2026-06-26,300153,科泰电源,SZ,STOCK,23.49,23.91,22.33,22.33,93417.0,,-5.9789473684210614,
2026-06-29,300153,科泰电源,SZ,STOCK,22.32,22.58,21.32,21.98,96874.0,,-1.567398119122243,
2026-06-30,300153,科泰电源,SZ,STOCK,21.98,22.92,21.81,22.62,77038.0,,2.91173794358508,
2026-07-01,300153,科泰电源,SZ,STOCK,22.6,23.38,22.12,22.82,101360.0,,0.8841732979663952,
2026-07-02,300153,科泰电源,SZ,STOCK,22.75,23.15,22.11,22.18,86716.0,,-2.8045574057844025,
2026-07-03,300153,科泰电源,SZ,STOCK,22.38,23.15,22.22,22.82,84728.0,,2.8854824165915227,
2026-07-06,300153,科泰电源,SZ,STOCK,23.0,23.61,22.49,22.5,83721.0,,-1.4022787028922012,
2026-07-07,300153,科泰电源,SZ,STOCK,22.38,22.66,21.43,21.57,71239.0,,-4.133333333333333,
2026-07-08,300153,科泰电源,SZ,STOCK,21.51,22.48,21.4,22.46,102316.0,,4.126101066295784,
2026-07-09,300153,科泰电源,SZ,STOCK,22.36,22.95,21.36,22.8,146857.0,,1.513802315227064,
2026-07-10,300153,科泰电源,SZ,STOCK,22.6,25.5,22.42,23.91,225686.0,,4.868421052631566,
2026-07-13,300153,科泰电源,SZ,STOCK,23.95,24.5,21.8,21.92,154952.0,,-8.322877457130906,
2026-07-14,300153,科泰电源,SZ,STOCK,21.9,22.23,20.96,21.92,108646.0,,0.0,
2026-07-15,300153,科泰电源,SZ,STOCK,21.73,22.09,21.31,21.52,72711.0,,-1.8248175182481896,
2026-07-16,300153,科泰电源,SZ,STOCK,21.03,21.72,20.8,21.24,69767.0,,-1.3011152416356975,
2026-07-17,300153,科泰电源,SZ,STOCK,21.07,21.27,19.62,19.8,106786.0,,-6.779661016949145,
2026-07-20,300153,科泰电源,SZ,STOCK,20.01,20.49,18.75,19.31,117353.0,,-2.474747474747485,
2026-07-21,300153,科泰电源,SZ,STOCK,19.33,20.0,18.62,20.0,117774.0,,3.5732780942516973,
2026-07-22,300153,科泰电源,SZ,STOCK,19.88,20.36,19.54,19.66,94636.0,,-1.7000000000000015,
2026-07-23,300153,科泰电源,SZ,STOCK,20.06,20.33,19.7,20.26,95190.0,,3.0518819938962327,
2026-07-24,300153,科泰电源,SZ,STOCK,20.0,20.09,19.34,19.34,66160.0,,-4.54096742349458,
2026-07-27,300153,科泰电源,SZ,STOCK,19.33,20.08,19.27,20.06,72706.0,,3.7228541882109667,
2026-07-28,300153,科泰电源,SZ,STOCK,19.77,19.94,19.47,19.57,63118.0,,-2.4426719840478506,
2026-07-29,300153,科泰电源,SZ,STOCK,19.57,19.91,19.09,19.87,77741.0,,1.5329586101175297,
2026-07-30,300153,科泰电源,SZ,STOCK,19.74,19.95,19.07,19.16,71641.0,,-3.573225968797189,
2026-07-31,300153,科泰电源,SZ,STOCK,19.85,20.37,19.52,20.09,114014.0,,4.853862212943638,
2026-08-03,300153,科泰电源,SZ,STOCK,20.09,20.58,20.09,20.33,79908.0,,1.1946241911398703,
2026-08-04,300153,科泰电源,SZ,STOCK,20.42,21.25,20.3,21.11,87098.0,,3.8366945400885477,
2026-08-05,300153,科泰电源,SZ,STOCK,21.08,21.7,20.95,21.6,86373.0,,2.3211747986736198,
2026-08-06,300153,科泰电源,SZ,STOCK,21.45,21.7,21.12,21.35,72983.0,,-1.157407407407407,
2026-08-07,300153,科泰电源,SZ,STOCK,21.3,21.64,20.86,21.53,80493.0,,0.843091334894619,
2026-08-10,300153,科泰电源,SZ,STOCK,21.78,22.74,21.52,21.76,108059.0,,1.0682768230376283,
2026-08-11,300153,科泰电源,SZ,STOCK,21.53,22.57,21.53,21.75,91279.0,,-0.04595588235294379,
2026-08-12,300153,科泰电源,SZ,STOCK,21.81,22.79,21.75,22.38,127792.0,,2.896551724137919,
2026-08-13,300153,科泰电源,SZ,STOCK,22.55,23.5,22.41,22.57,115131.0,,0.8489722966934732,
2026-08-14,300153,科泰电源,SZ,STOCK,22.78,22.94,22.1,22.43,74249.0,,-0.6202924235711116,
2026-08-17,300153,科泰电源,SZ,STOCK,22.41,24.15,22.27,24.06,166462.0,,7.2670530539455935,
2026-08-18,300153,科泰电源,SZ,STOCK,23.9,24.14,23.26,23.95,131126.0,,-0.4571903574397296,
2026-08-19,300153,科泰电源,SZ,STOCK,23.51,23.69,21.98,22.21,144018.0,,-7.265135699373692,
2026-08-20,300153,科泰电源,SZ,STOCK,23.33,23.49,21.3,21.5,200743.0,,-3.1967582170193687,
2026-08-21,300153,科泰电源,SZ,STOCK,21.5,21.8,20.8,21.51,105730.0,,0.0465116279069866,
2025-06-30,301330,熵基科技,SZ,STOCK,25.751,26.611,25.661,26.551,142067.0,,5.189968701715464,
2025-07-01,301330,熵基科技,SZ,STOCK,26.461,27.591,26.151,26.421,139763.0,,-0.4896237429851902,
2025-07-02,301330,熵基科技,SZ,STOCK,26.311,26.391,25.311,25.511,95035.0,,-3.4442299685855993,
2025-07-03,301330,熵基科技,SZ,STOCK,25.431,25.751,25.351,25.701,49454.0,,0.7447767629650048,
2025-07-04,301330,熵基科技,SZ,STOCK,26.291,27.671,25.861,27.251,203234.0,,6.030893739543219,
2025-07-07,301330,熵基科技,SZ,STOCK,26.991,28.391,26.341,27.821,195192.0,,2.0916663608674835,
2025-07-08,301330,熵基科技,SZ,STOCK,27.411,27.681,27.081,27.441,127900.0,,-1.3658746989684167,
2025-07-09,301330,熵基科技,SZ,STOCK,27.521,28.391,27.331,28.001,163886.0,,2.040741955468106,
2025-07-10,301330,熵基科技,SZ,STOCK,27.721,27.801,26.901,26.941,118690.0,,-3.7855790864612104,
2025-07-11,301330,熵基科技,SZ,STOCK,26.991,27.471,26.471,27.031,90952.0,,0.33406332355889745,
2025-07-14,301330,熵基科技,SZ,STOCK,26.771,27.021,26.431,26.861,59328.0,,-0.6289075505900521,
2025-07-15,301330,熵基科技,SZ,STOCK,26.691,26.921,26.231,26.651,53366.0,,-0.781802613454452,
2025-07-16,301330,熵基科技,SZ,STOCK,26.651,26.941,26.371,26.581,53638.0,,-0.2626543094067735,
2025-07-17,301330,熵基科技,SZ,STOCK,26.521,27.371,26.311,27.171,76664.0,,2.2196305631842383,
2025-07-18,301330,熵基科技,SZ,STOCK,27.551,28.111,26.941,27.441,114845.0,,0.9937065253395216,
2025-07-21,301330,熵基科技,SZ,STOCK,27.361,28.261,27.121,27.801,95475.0,,1.3119055428009174,
2025-07-22,301330,熵基科技,SZ,STOCK,27.721,27.991,27.201,27.281,75693.0,,-1.8704363152404535,
2025-07-23,301330,熵基科技,SZ,STOCK,27.241,27.411,26.441,26.611,80812.0,,-2.4559217037498526,
2025-07-24,301330,熵基科技,SZ,STOCK,26.521,26.911,26.521,26.691,45764.0,,0.3006275600315522,
2025-07-25,301330,熵基科技,SZ,STOCK,26.691,27.121,26.541,26.951,60789.0,,0.9741111235997302,
2025-07-28,301330,熵基科技,SZ,STOCK,26.911,27.901,26.551,27.641,98783.0,,2.5602018477978383,
2025-07-29,301330,熵基科技,SZ,STOCK,27.531,28.211,27.111,28.111,105779.0,,1.7003726348540305,
2025-07-30,301330,熵基科技,SZ,STOCK,27.861,27.961,27.131,27.661,77633.0,,-1.600796841094232,
2025-07-31,301330,熵基科技,SZ,STOCK,27.521,28.741,27.401,28.731,172744.0,,3.868262174180259,
2025-08-01,301330,熵基科技,SZ,STOCK,29.031,29.451,28.051,28.511,148773.0,,-0.7657234346176711,
2025-08-04,301330,熵基科技,SZ,STOCK,27.641,28.921,27.491,28.541,89132.0,,0.10522254568412492,
2025-08-05,301330,熵基科技,SZ,STOCK,28.521,30.321,28.271,30.291,185014.0,,6.131530079534708,
2025-08-06,301330,熵基科技,SZ,STOCK,29.721,30.051,29.321,29.971,126043.0,,-1.0564193985012071,
2025-08-07,301330,熵基科技,SZ,STOCK,29.821,29.821,28.811,29.481,108954.0,,-1.6349137499582889,
2025-08-08,301330,熵基科技,SZ,STOCK,29.911,30.921,28.881,28.901,148355.0,,-1.967368813812287,
2025-08-11,301330,熵基科技,SZ,STOCK,28.261,29.291,28.021,29.261,98455.0,,1.2456316390436317,
2025-08-12,301330,熵基科技,SZ,STOCK,29.071,29.961,28.681,28.951,96300.0,,-1.059430641468162,
2025-08-13,301330,熵基科技,SZ,STOCK,28.921,29.171,28.481,28.871,83771.0,,-0.27632896963836195,
2025-08-14,301330,熵基科技,SZ,STOCK,28.691,29.771,28.351,29.721,143701.0,,2.944130788680699,
2025-08-15,301330,熵基科技,SZ,STOCK,29.201,29.791,28.921,29.431,121737.0,,-0.975741058510815,
2025-08-18,301330,熵基科技,SZ,STOCK,29.821,30.021,29.291,29.901,104067.0,,1.5969555910434474,
2025-08-19,301330,熵基科技,SZ,STOCK,29.731,29.901,29.301,29.471,80673.0,,-1.4380789940135807,
2025-08-20,301330,熵基科技,SZ,STOCK,29.411,29.411,28.831,29.341,69481.0,,-0.4411116012351113,
2025-08-21,301330,熵基科技,SZ,STOCK,29.321,30.381,29.061,30.141,124096.0,,2.726560103609277,
2025-08-22,301330,熵基科技,SZ,STOCK,30.211,30.221,29.771,30.191,79955.0,,0.16588699777710936,
2025-08-25,301330,熵基科技,SZ,STOCK,30.381,30.901,29.811,30.111,98552.0,,-0.26497962969096456,
2025-08-26,301330,熵基科技,SZ,STOCK,30.021,30.671,29.741,30.501,74752.0,,1.2952077313938437,
2025-08-27,301330,熵基科技,SZ,STOCK,31.471,34.281,30.811,32.031,251358.0,,5.016228976099146,
2025-08-28,301330,熵基科技,SZ,STOCK,31.701,35.371,31.701,35.371,243216.0,,10.427398457744076,
2025-08-29,301330,熵基科技,SZ,STOCK,35.501,38.021,34.021,34.671,217124.0,,-1.9790223629527093,
2025-09-01,301330,熵基科技,SZ,STOCK,34.191,36.321,33.671,34.201,173848.0,,-1.3555997807966236,
2025-09-02,301330,熵基科技,SZ,STOCK,33.821,34.181,31.651,32.101,146497.0,,-6.140171340019307,
2025-09-03,301330,熵基科技,SZ,STOCK,32.321,32.401,31.021,31.151,83442.0,,-2.9594093641942543,
2025-09-04,301330,熵基科技,SZ,STOCK,31.601,31.861,29.551,30.211,91130.0,,-3.017559628904376,
2025-09-05,301330,熵基科技,SZ,STOCK,30.221,33.121,29.831,32.671,143056.0,,8.142729469398557,
2025-09-08,301330,熵基科技,SZ,STOCK,32.841,33.001,32.031,32.771,89608.0,,0.30608184628571067,
2025-09-09,301330,熵基科技,SZ,STOCK,32.901,32.911,31.611,32.141,63623.0,,-1.9224314180220414,
2025-09-10,301330,熵基科技,SZ,STOCK,32.511,33.521,32.191,32.901,96472.0,,2.3645810646837573,
2025-09-11,301330,熵基科技,SZ,STOCK,32.741,33.771,31.721,33.621,118856.0,,2.1883833318136148,
2025-09-12,301330,熵基科技,SZ,STOCK,33.531,34.021,32.981,33.231,83146.0,,-1.159989292406538,
2025-09-15,301330,熵基科技,SZ,STOCK,33.121,33.281,32.531,32.651,63272.0,,-1.745358249826967,
2025-09-16,301330,熵基科技,SZ,STOCK,32.671,34.021,32.421,33.901,94847.0,,3.828366665645766,
2025-09-17,301330,熵基科技,SZ,STOCK,33.651,34.311,33.461,34.041,86299.0,,0.4129671691100345,
2025-09-18,301330,熵基科技,SZ,STOCK,33.871,34.701,33.021,33.601,110857.0,,-1.2925589730031328,
2025-09-19,301330,熵基科技,SZ,STOCK,33.531,34.681,33.431,34.551,112498.0,,2.827296806642665,
2025-09-22,301330,熵基科技,SZ,STOCK,34.601,34.841,34.001,34.831,81314.0,,0.8103962258690034,
2025-09-23,301330,熵基科技,SZ,STOCK,35.001,35.001,33.371,34.281,73757.0,,-1.5790531423157672,
2025-09-24,301330,熵基科技,SZ,STOCK,33.991,34.701,33.781,34.551,70393.0,,0.7876082961407294,
2025-09-25,301330,熵基科技,SZ,STOCK,34.681,34.681,33.321,33.371,86971.0,,-3.415241237590805,
2025-09-26,301330,熵基科技,SZ,STOCK,33.121,33.121,31.851,31.911,74389.0,,-4.375056186509251,
2025-09-29,301330,熵基科技,SZ,STOCK,32.181,32.461,31.721,32.001,42907.0,,0.28203440819778436,
2025-09-30,301330,熵基科技,SZ,STOCK,32.241,32.521,32.051,32.321,43228.0,,0.9999687509765431,
2025-10-09,301330,熵基科技,SZ,STOCK,32.441,32.911,32.191,32.251,53576.0,,-0.21657745738065115,
2025-10-10,301330,熵基科技,SZ,STOCK,32.021,32.261,30.971,31.071,58880.0,,-3.658801277479762,
2025-10-13,301330,熵基科技,SZ,STOCK,29.531,31.101,29.241,30.931,49451.0,,-0.4505809275530237,
2025-10-14,301330,熵基科技,SZ,STOCK,31.031,31.521,30.071,30.121,43335.0,,-2.618732016423664,
2025-10-15,301330,熵基科技,SZ,STOCK,30.221,30.951,29.931,30.821,30078.0,,2.3239600278875283,
2025-10-16,301330,熵基科技,SZ,STOCK,30.621,31.321,30.251,30.691,39263.0,,-0.42179033775673336,
2025-10-17,301330,熵基科技,SZ,STOCK,30.451,30.841,29.371,29.381,36266.0,,-4.268352285686349,
2025-10-20,301330,熵基科技,SZ,STOCK,29.831,31.311,29.831,31.051,54008.0,,5.6839454068956075,
2025-10-21,301330,熵基科技,SZ,STOCK,30.921,31.291,30.721,31.171,36320.0,,0.386460983543202,
2025-10-22,301330,熵基科技,SZ,STOCK,31.131,31.171,30.641,30.711,23680.0,,-1.4757306470758125,
2025-10-23,301330,熵基科技,SZ,STOCK,30.711,30.801,30.171,30.721,23513.0,,0.0325616228712855,
2025-10-24,301330,熵基科技,SZ,STOCK,30.721,31.441,30.721,31.371,30031.0,,2.115816542430249,
2025-10-27,301330,熵基科技,SZ,STOCK,31.621,32.151,31.461,31.991,51565.0,,1.9763475821618748,
2025-10-28,301330,熵基科技,SZ,STOCK,31.821,32.051,31.501,31.741,35665.0,,-0.7814697883779864,
2025-10-29,301330,熵基科技,SZ,STOCK,31.401,31.401,30.981,31.391,41376.0,,-1.102674773951673,
2025-10-30,301330,熵基科技,SZ,STOCK,31.211,31.381,30.261,30.331,42557.0,,-3.3767640406485944,
2025-10-31,301330,熵基科技,SZ,STOCK,30.031,31.221,30.031,31.061,41364.0,,2.406778543404431,
2025-11-03,301330,熵基科技,SZ,STOCK,31.011,31.271,30.331,30.791,27619.0,,-0.8692572679566024,
2025-11-04,301330,熵基科技,SZ,STOCK,30.591,30.771,29.831,30.101,30831.0,,-2.2409145529537877,
2025-11-05,301330,熵基科技,SZ,STOCK,29.771,30.271,29.531,29.881,24875.0,,-0.7308727284807803,
2025-11-06,301330,熵基科技,SZ,STOCK,29.881,30.571,29.761,30.511,28041.0,,2.1083631739232223,
2025-11-07,301330,熵基科技,SZ,STOCK,30.321,30.321,29.721,29.751,24738.0,,-2.490904919537207,
2025-11-10,301330,熵基科技,SZ,STOCK,29.891,30.011,29.321,29.511,25665.0,,-0.8066955732580539,
2025-11-11,301330,熵基科技,SZ,STOCK,29.611,29.651,29.101,29.181,21851.0,,-1.118227101758662,
2025-11-12,301330,熵基科技,SZ,STOCK,29.391,30.021,29.101,29.561,36274.0,,1.3022171961207585,
2025-11-13,301330,熵基科技,SZ,STOCK,29.501,29.611,29.131,29.361,27110.0,,-0.6765670985419914,
2025-11-14,301330,熵基科技,SZ,STOCK,29.291,29.471,29.021,29.021,19552.0,,-1.15799870576615,
2025-11-17,301330,熵基科技,SZ,STOCK,29.021,29.101,28.501,28.661,29979.0,,-1.2404810309775693,
2025-11-18,301330,熵基科技,SZ,STOCK,30.471,30.581,29.131,29.301,52896.0,,2.2329995464219543,
2025-11-19,301330,熵基科技,SZ,STOCK,28.871,29.321,28.531,28.661,31354.0,,-2.1842257943414767,
2025-11-20,301330,熵基科技,SZ,STOCK,28.821,28.921,28.391,28.401,20266.0,,-0.9071560657339273,
2025-11-21,301330,熵基科技,SZ,STOCK,28.081,28.471,27.251,27.431,33649.0,,-3.4153726981444255,
2025-11-24,301330,熵基科技,SZ,STOCK,27.701,28.451,27.241,28.231,25664.0,,2.9164084430024495,
2025-11-25,301330,熵基科技,SZ,STOCK,28.321,28.961,28.231,28.551,25339.0,,1.133505720661665,
2025-11-26,301330,熵基科技,SZ,STOCK,28.531,28.961,28.311,28.381,21157.0,,-0.5954257293965148,
2025-11-27,301330,熵基科技,SZ,STOCK,28.351,28.981,28.351,28.701,22772.0,,1.1275148867199825,
2025-11-28,301330,熵基科技,SZ,STOCK,28.721,28.921,28.571,28.781,17956.0,,0.2787359325459038,
2025-12-01,301330,熵基科技,SZ,STOCK,28.781,29.151,28.631,29.011,24604.0,,0.7991383204197122,
2025-12-02,301330,熵基科技,SZ,STOCK,29.031,29.161,28.701,28.721,18067.0,,-0.9996208334769552,
2025-12-03,301330,熵基科技,SZ,STOCK,28.631,28.821,28.281,28.381,17937.0,,-1.1838027923818828,
2025-12-04,301330,熵基科技,SZ,STOCK,28.381,28.521,27.921,28.191,16981.0,,-0.6694619639899924,
2025-12-05,301330,熵基科技,SZ,STOCK,28.201,28.671,28.001,28.671,17483.0,,1.7026710652335852,
2025-12-08,301330,熵基科技,SZ,STOCK,28.751,29.161,28.721,28.971,20914.0,,1.0463534581981904,
2025-12-09,301330,熵基科技,SZ,STOCK,29.021,29.121,28.641,28.671,18534.0,,-1.0355182768975846,
2025-12-10,301330,熵基科技,SZ,STOCK,28.591,28.891,28.261,28.821,20014.0,,0.5231767290990952,
2025-12-11,301330,熵基科技,SZ,STOCK,28.811,28.941,28.121,28.151,17608.0,,-2.3246937996599715,
2025-12-12,301330,熵基科技,SZ,STOCK,28.201,28.571,27.951,28.411,21502.0,,0.9235906362118573,
2025-12-15,301330,熵基科技,SZ,STOCK,28.181,28.411,27.841,27.881,16691.0,,-1.8654746401041922,
2025-12-16,301330,熵基科技,SZ,STOCK,27.861,28.011,27.301,27.501,17539.0,,-1.3629353323051485,
2025-12-17,301330,熵基科技,SZ,STOCK,27.481,27.771,27.101,27.701,20301.0,,0.7272462819533754,
2025-12-18,301330,熵基科技,SZ,STOCK,27.471,28.181,27.421,27.961,21206.0,,0.9385942745749221,
2025-12-19,301330,熵基科技,SZ,STOCK,27.961,28.351,27.901,27.921,20667.0,,-0.14305639998568598,
2025-12-22,301330,熵基科技,SZ,STOCK,28.131,28.821,27.961,28.461,30718.0,,1.9340281508541945,
2025-12-23,301330,熵基科技,SZ,STOCK,28.521,28.521,27.771,27.921,27507.0,,-1.8973331927901294,
2025-12-24,301330,熵基科技,SZ,STOCK,27.971,28.611,27.851,28.571,25216.0,,2.3279968482504243,
2025-12-25,301330,熵基科技,SZ,STOCK,28.581,29.141,28.501,28.941,31234.0,,1.2950194252913771,
2025-12-26,301330,熵基科技,SZ,STOCK,28.931,29.211,28.641,28.801,26234.0,,-0.48374278704951257,
2025-12-29,301330,熵基科技,SZ,STOCK,28.701,29.601,28.701,29.151,35664.0,,1.21523558209784,
2025-12-30,301330,熵基科技,SZ,STOCK,29.291,32.901,29.291,32.581,177146.0,,11.766320194847534,
2025-12-31,301330,熵基科技,SZ,STOCK,32.221,33.311,31.801,32.571,117201.0,,-0.030692735029635987,
2026-01-05,301330,熵基科技,SZ,STOCK,34.571,39.181,34.551,39.181,200596.0,,20.294126677105396,
2026-01-06,301330,熵基科技,SZ,STOCK,45.751,47.111,42.521,47.111,388657.0,,20.239401750848618,
2026-01-07,301330,熵基科技,SZ,STOCK,43.671,44.621,40.801,42.441,356073.0,,-9.912759228205715,
2026-01-08,301330,熵基科技,SZ,STOCK,41.691,43.281,41.301,42.341,291604.0,,-0.2356212153342363,
2026-01-09,301330,熵基科技,SZ,STOCK,40.731,41.151,39.201,41.071,222016.0,,-2.9994567912897785,
2026-01-12,301330,熵基科技,SZ,STOCK,41.041,49.371,40.751,48.381,354369.0,,17.798446592486194,
2026-01-13,301330,熵基科技,SZ,STOCK,49.191,50.021,44.721,46.051,266221.0,,-4.815940141791197,
2026-01-14,301330,熵基科技,SZ,STOCK,45.491,46.891,43.591,44.291,253239.0,,-3.8218496883889674,
2026-01-15,301330,熵基科技,SZ,STOCK,43.731,45.421,43.101,43.521,149296.0,,-1.7385021787722055,
2026-01-16,301330,熵基科技,SZ,STOCK,43.531,43.821,41.501,41.921,129893.0,,-3.6763861124514685,
2026-01-19,301330,熵基科技,SZ,STOCK,41.521,41.791,40.961,41.181,88766.0,,-1.7652250661959412,
2026-01-20,301330,熵基科技,SZ,STOCK,41.521,41.561,39.431,39.881,93426.0,,-3.1567956096257954,
2026-01-21,301330,熵基科技,SZ,STOCK,39.331,39.951,39.071,39.501,67163.0,,-0.9528346831824797,
2026-01-22,301330,熵基科技,SZ,STOCK,39.661,39.941,39.261,39.771,66711.0,,0.6835269993164861,
2026-01-23,301330,熵基科技,SZ,STOCK,40.321,41.401,39.641,41.221,135235.0,,3.6458726207537984,
2026-01-26,301330,熵基科技,SZ,STOCK,41.211,41.221,38.431,39.271,117313.0,,-4.730598481356585,
2026-01-27,301330,熵基科技,SZ,STOCK,38.811,39.381,37.571,39.261,63388.0,,-0.025464082911053065,
2026-01-28,301330,熵基科技,SZ,STOCK,39.381,39.451,38.301,38.471,50722.0,,-2.0121749318662396,
2026-01-29,301330,熵基科技,SZ,STOCK,38.521,39.771,37.901,38.211,77489.0,,-0.6758337448987461,
2026-01-30,301330,熵基科技,SZ,STOCK,37.941,38.221,36.901,37.651,59662.0,,-1.4655465703593107,
2026-02-02,301330,熵基科技,SZ,STOCK,37.631,38.301,37.171,37.251,41026.0,,-1.0623887811744837,
2026-02-03,301330,熵基科技,SZ,STOCK,37.511,38.261,37.471,38.261,38437.0,,2.7113366084132062,
2026-02-04,301330,熵基科技,SZ,STOCK,37.971,38.191,37.351,37.741,41745.0,,-1.3590862758422473,
2026-02-05,301330,熵基科技,SZ,STOCK,37.501,37.801,37.131,37.341,30448.0,,-1.0598553297474833,
2026-02-06,301330,熵基科技,SZ,STOCK,37.011,37.491,36.451,36.641,39069.0,,-1.8746150344125856,
2026-02-09,301330,熵基科技,SZ,STOCK,37.111,38.271,37.021,38.241,51087.0,,4.366693048770509,
2026-02-10,301330,熵基科技,SZ,STOCK,38.121,38.561,37.821,38.261,41724.0,,0.05229988755524051,
2026-02-11,301330,熵基科技,SZ,STOCK,38.461,38.461,37.751,37.771,30847.0,,-1.2806774522359676,
2026-02-12,301330,熵基科技,SZ,STOCK,37.651,38.221,37.651,38.031,29312.0,,0.6883587937835944,
2026-02-13,301330,熵基科技,SZ,STOCK,37.991,38.471,37.921,38.141,39562.0,,0.28923772711735296,
2026-02-24,301330,熵基科技,SZ,STOCK,38.421,38.561,36.901,37.501,44492.0,,-1.6779843213340029,
2026-02-25,301330,熵基科技,SZ,STOCK,37.451,38.511,37.451,38.181,41013.0,,1.8132849790672312,
2026-02-26,301330,熵基科技,SZ,STOCK,38.101,38.501,37.621,38.471,42607.0,,0.7595400853827705,
2026-02-27,301330,熵基科技,SZ,STOCK,38.141,39.041,37.721,38.831,87558.0,,0.9357698006290605,
2026-03-02,301330,熵基科技,SZ,STOCK,37.971,38.301,37.001,37.031,66685.0,,-4.635471659241341,
2026-03-03,301330,熵基科技,SZ,STOCK,37.151,37.501,35.051,35.191,58792.0,,-4.968809916016303,
2026-03-04,301330,熵基科技,SZ,STOCK,34.721,35.691,34.661,35.121,34608.0,,-0.19891449518343318,
2026-03-05,301330,熵基科技,SZ,STOCK,35.801,36.861,35.681,36.421,49295.0,,3.7014891375530157,
2026-03-06,301330,熵基科技,SZ,STOCK,36.121,38.171,36.081,37.121,64977.0,,1.9219680953296292,
2026-03-09,301330,熵基科技,SZ,STOCK,36.531,37.391,36.131,37.191,43790.0,,0.18857250612860366,
2026-03-10,301330,熵基科技,SZ,STOCK,37.641,38.021,37.231,37.671,38158.0,,1.2906348310074867,
2026-03-11,301330,熵基科技,SZ,STOCK,38.031,38.971,37.781,38.131,77081.0,,1.2210984576995543,
2026-03-12,301330,熵基科技,SZ,STOCK,37.751,37.751,36.871,37.261,52733.0,,-2.2816081403582267,
2026-03-13,301330,熵基科技,SZ,STOCK,37.031,38.001,36.441,37.431,51462.0,,0.45624111000777123,
2026-03-16,301330,熵基科技,SZ,STOCK,37.521,38.671,37.031,38.671,72939.0,,3.312762149020876,
2026-03-17,301330,熵基科技,SZ,STOCK,38.801,38.941,36.741,36.751,53464.0,,-4.964960823356012,
2026-03-18,301330,熵基科技,SZ,STOCK,36.871,37.501,36.311,37.321,37678.0,,1.5509782046747134,
2026-03-19,301330,熵基科技,SZ,STOCK,36.851,36.851,35.881,36.061,38880.0,,-3.376115323812323,
2026-03-20,301330,熵基科技,SZ,STOCK,36.021,36.401,34.601,34.651,39478.0,,-3.910041318876334,
2026-03-23,301330,熵基科技,SZ,STOCK,33.991,34.141,31.641,32.021,49519.0,,-7.589968543476388,
2026-03-24,301330,熵基科技,SZ,STOCK,32.631,33.291,32.131,33.181,32288.0,,3.6226226538833783,
2026-03-25,301330,熵基科技,SZ,STOCK,33.321,34.121,33.231,33.461,27955.0,,0.8438564238570256,
2026-03-26,301330,熵基科技,SZ,STOCK,33.491,33.891,32.851,33.031,22513.0,,-1.2850781506828834,
2026-03-27,301330,熵基科技,SZ,STOCK,32.551,33.571,32.551,33.391,19220.0,,1.0898852593018704,
2026-03-30,301330,熵基科技,SZ,STOCK,32.531,33.321,32.401,33.121,18972.0,,-0.80860112006228,
2026-03-31,301330,熵基科技,SZ,STOCK,33.071,33.561,32.421,32.431,19221.0,,-2.083270432656037,
2026-04-01,301330,熵基科技,SZ,STOCK,33.131,33.651,33.041,33.451,25702.0,,3.145138910301881,
2026-04-02,301330,熵基科技,SZ,STOCK,33.521,33.731,32.471,32.701,21376.0,,-2.2420854384024413,
2026-04-03,301330,熵基科技,SZ,STOCK,32.781,33.041,32.031,32.071,16804.0,,-1.9265465887893463,
2026-04-07,301330,熵基科技,SZ,STOCK,32.211,32.981,32.211,32.621,18376.0,,1.7149449658570237,
2026-04-08,301330,熵基科技,SZ,STOCK,33.421,34.261,33.421,34.221,33845.0,,4.904815916127636,
2026-04-09,301330,熵基科技,SZ,STOCK,33.671,33.821,33.411,33.541,23983.0,,-1.9870839542970642,
2026-04-10,301330,熵基科技,SZ,STOCK,33.741,34.181,33.591,33.621,29712.0,,0.23851405742227882,
2026-04-13,301330,熵基科技,SZ,STOCK,33.321,33.821,33.241,33.571,19629.0,,-0.1487165759495701,
2026-04-14,301330,熵基科技,SZ,STOCK,34.021,34.061,33.611,33.981,24999.0,,1.2212921867087667,
2026-04-15,301330,熵基科技,SZ,STOCK,34.201,34.421,33.531,33.621,22313.0,,-1.0594155557517415,
2026-04-16,301330,熵基科技,SZ,STOCK,33.641,33.921,33.521,33.811,20702.0,,0.5651229886083131,
2026-04-17,301330,熵基科技,SZ,STOCK,33.701,34.231,33.581,33.981,25885.0,,0.5027949483895844,
2026-04-20,301330,熵基科技,SZ,STOCK,33.901,34.371,33.721,34.261,24876.0,,0.8239898766958076,
2026-04-21,301330,熵基科技,SZ,STOCK,34.121,34.121,33.451,33.691,24356.0,,-1.6636992498759495,
2026-04-22,301330,熵基科技,SZ,STOCK,33.421,33.801,32.971,33.711,30349.0,,0.059363034638315604,
2026-04-23,301330,熵基科技,SZ,STOCK,35.361,37.021,35.201,36.331,117116.0,,7.7719438758862225,
2026-04-24,301330,熵基科技,SZ,STOCK,35.691,36.161,34.921,35.211,72703.0,,-3.082766783187918,
2026-04-27,301330,熵基科技,SZ,STOCK,35.011,35.941,34.691,35.611,42376.0,,1.1360086336656083,
2026-04-28,301330,熵基科技,SZ,STOCK,35.331,35.411,33.821,33.921,47606.0,,-4.745724635646287,
2026-04-29,301330,熵基科技,SZ,STOCK,31.421,31.491,30.391,30.851,96190.0,,-9.050440729931308,
2026-04-30,301330,熵基科技,SZ,STOCK,30.641,30.971,30.321,30.441,47302.0,,-1.3289682668308989,
2026-05-06,301330,熵基科技,SZ,STOCK,30.531,31.141,30.521,30.841,42199.0,,1.3140172793272287,
2026-05-07,301330,熵基科技,SZ,STOCK,30.921,30.951,30.521,30.951,38257.0,,0.3566680717226989,
2026-05-08,301330,熵基科技,SZ,STOCK,31.021,31.501,30.801,31.471,39365.0,,1.6800749571904028,
2026-05-11,301330,熵基科技,SZ,STOCK,31.021,31.471,30.551,30.801,56606.0,,-2.1289441072733672,
2026-05-12,301330,熵基科技,SZ,STOCK,30.621,31.091,30.211,30.291,33455.0,,-1.6557903964156906,
2026-05-13,301330,熵基科技,SZ,STOCK,30.291,30.571,30.121,30.451,26951.0,,0.5282096992506036,
2026-05-14,301330,熵基科技,SZ,STOCK,30.471,30.651,29.161,29.321,44220.0,,-3.710879774063247,
2026-05-15,301330,熵基科技,SZ,STOCK,29.221,29.841,29.221,29.341,29340.0,,0.06821049759557773,
2026-05-18,301330,熵基科技,SZ,STOCK,29.371,30.001,28.961,29.801,29696.0,,1.567772059575323,
2026-05-19,301330,熵基科技,SZ,STOCK,29.821,30.831,29.821,30.631,42725.0,,2.785141438206784,
2026-05-20,301330,熵基科技,SZ,STOCK,30.121,30.511,29.691,29.881,30772.0,,-2.448499885736677,
2026-05-21,301330,熵基科技,SZ,STOCK,29.941,30.401,28.571,28.721,33680.0,,-3.882065526588807,
2026-05-22,301330,熵基科技,SZ,STOCK,28.831,29.311,28.461,29.031,27146.0,,1.079349604818769,
2026-05-25,301330,熵基科技,SZ,STOCK,29.041,29.611,28.871,28.941,27056.0,,-0.3100134339154681,
2026-05-26,301330,熵基科技,SZ,STOCK,28.911,29.041,27.901,28.361,32682.0,,-2.0040772606336965,
2026-05-27,301330,熵基科技,SZ,STOCK,28.271,28.521,27.451,27.651,28967.0,,-2.5034378195409213,
2026-05-28,301330,熵基科技,SZ,STOCK,27.561,28.071,27.221,27.821,26300.0,,0.6148059744674805,
2026-05-29,301330,熵基科技,SZ,STOCK,27.931,28.061,26.521,26.721,30688.0,,-3.9538478128032795,
2026-06-01,301330,熵基科技,SZ,STOCK,26.621,27.491,26.321,27.121,26290.0,,1.496949964447425,
2026-06-02,301330,熵基科技,SZ,STOCK,27.101,27.141,25.931,26.631,25310.0,,-1.8067180413701478,
2026-06-03,301330,熵基科技,SZ,STOCK,26.511,27.041,26.301,26.521,19097.0,,-0.41305245766212195,
2026-06-04,301330,熵基科技,SZ,STOCK,26.601,26.681,26.041,26.211,18195.0,,-1.168885034500966,
2026-06-05,301330,熵基科技,SZ,STOCK,26.44,27.05,25.81,26.52,28259.0,,1.1788943573308952,
2026-06-08,301330,熵基科技,SZ,STOCK,26.11,27.9,25.98,27.21,63220.0,,2.601809954751144,
2026-06-09,301330,熵基科技,SZ,STOCK,27.31,28.09,26.61,27.27,58763.0,,0.22050716648289725,
2026-06-10,301330,熵基科技,SZ,STOCK,26.94,28.59,26.93,27.56,67148.0,,1.0634396773010701,
2026-06-11,301330,熵基科技,SZ,STOCK,27.23,27.37,25.81,26.0,55421.0,,-5.660377358490565,
2026-06-12,301330,熵基科技,SZ,STOCK,26.45,27.2,25.92,26.28,43258.0,,1.0769230769230864,
2026-06-15,301330,熵基科技,SZ,STOCK,26.48,27.1,26.39,27.0,34376.0,,2.739726027397249,
2026-06-16,301330,熵基科技,SZ,STOCK,27.0,27.85,26.5,27.66,40274.0,,2.444444444444449,
2026-06-17,301330,熵基科技,SZ,STOCK,27.41,28.25,27.21,27.82,38409.0,,0.5784526391901634,
2026-06-18,301330,熵基科技,SZ,STOCK,28.38,29.12,27.66,28.52,62364.0,,2.5161754133716796,
2026-06-22,301330,熵基科技,SZ,STOCK,28.44,28.5,26.8,27.92,61482.0,,-2.103786816269282,
2026-06-23,301330,熵基科技,SZ,STOCK,27.61,28.25,27.07,27.38,34113.0,,-1.9340974212034512,
2026-06-24,301330,熵基科技,SZ,STOCK,27.31,28.48,27.15,27.66,44513.0,,1.022644265887518,
2026-06-25,301330,熵基科技,SZ,STOCK,27.4,27.4,26.03,26.03,51544.0,,-5.892986261749811,
2026-06-26,301330,熵基科技,SZ,STOCK,26.0,26.03,24.78,24.78,39799.0,,-4.802151363810991,
2026-06-29,301330,熵基科技,SZ,STOCK,24.8,24.93,23.9,24.67,31009.0,,-0.44390637610975947,
2026-06-30,301330,熵基科技,SZ,STOCK,24.58,25.09,24.38,25.06,24191.0,,1.5808674503445364,
2026-07-01,301330,熵基科技,SZ,STOCK,25.18,26.43,25.06,26.0,37852.0,,3.75099760574622,
2026-07-02,301330,熵基科技,SZ,STOCK,25.79,26.39,25.45,25.54,29149.0,,-1.7692307692307674,
2026-07-03,301330,熵基科技,SZ,STOCK,25.54,26.19,25.46,25.82,27518.0,,1.0963194988253822,
2026-07-06,301330,熵基科技,SZ,STOCK,25.8,25.82,24.75,24.98,25342.0,,-3.253292021688614,
2026-07-07,301330,熵基科技,SZ,STOCK,24.9,25.29,24.08,24.2,18971.0,,-3.122497998398721,
2026-07-08,301330,熵基科技,SZ,STOCK,24.2,24.38,23.77,24.02,17881.0,,-0.7438016528925617,
2026-07-09,301330,熵基科技,SZ,STOCK,24.02,24.15,23.11,23.87,27252.0,,-0.62447960033305,
2026-07-10,301330,熵基科技,SZ,STOCK,23.76,24.95,23.55,24.24,30978.0,,1.5500628403854133,
2026-07-13,301330,熵基科技,SZ,STOCK,24.11,24.38,22.61,22.64,28068.0,,-6.600660066006592,
2026-07-14,301330,熵基科技,SZ,STOCK,22.66,22.99,21.91,22.77,25264.0,,0.5742049469964705,
2026-07-15,301330,熵基科技,SZ,STOCK,22.68,23.35,22.66,22.98,24026.0,,0.9222661396574461,
2026-07-16,301330,熵基科技,SZ,STOCK,23.3,23.88,22.56,23.23,32005.0,,1.087902523933848,
2026-07-17,301330,熵基科技,SZ,STOCK,23.11,23.69,22.1,22.36,30006.0,,-3.745157124408094,
2026-07-20,301330,熵基科技,SZ,STOCK,22.5,22.92,21.47,21.91,29458.0,,-2.01252236135957,
2026-07-21,301330,熵基科技,SZ,STOCK,22.07,22.22,20.83,22.1,35165.0,,0.867183934276583,
2026-07-22,301330,熵基科技,SZ,STOCK,22.0,22.08,21.6,21.65,23030.0,,-2.0361990950226394,
2026-07-23,301330,熵基科技,SZ,STOCK,21.95,21.95,21.4,21.85,16703.0,,0.9237875288683695,
2026-07-24,301330,熵基科技,SZ,STOCK,22.11,22.41,21.42,21.42,25758.0,,-1.9679633867276891,
2026-07-27,301330,熵基科技,SZ,STOCK,21.32,22.99,21.21,22.79,45129.0,,6.395891690009314,
2026-07-28,301330,熵基科技,SZ,STOCK,22.39,23.78,22.26,22.96,59472.0,,0.745941202281708,
2026-07-29,301330,熵基科技,SZ,STOCK,22.84,23.23,22.01,22.54,44653.0,,-1.8292682926829396,
2026-07-30,301330,熵基科技,SZ,STOCK,22.25,22.9,22.11,22.5,27970.0,,-0.17746228926353025,
2026-07-31,301330,熵基科技,SZ,STOCK,22.71,23.96,22.71,23.56,45374.0,,4.71111111111111,
2026-08-03,301330,熵基科技,SZ,STOCK,23.48,23.6,23.11,23.49,27054.0,,-0.29711375212224667,
2026-08-04,301330,熵基科技,SZ,STOCK,23.65,24.3,23.6,24.19,37557.0,,2.97999148573862,
2026-08-05,301330,熵基科技,SZ,STOCK,24.25,24.98,24.24,24.91,41828.0,,2.9764365440264617,
2026-08-06,301330,熵基科技,SZ,STOCK,24.68,25.19,24.16,24.51,27282.0,,-1.6057808109192995,
2026-08-07,301330,熵基科技,SZ,STOCK,24.6,24.64,23.81,24.52,27400.0,,0.040799673602598396,
2026-08-10,301330,熵基科技,SZ,STOCK,24.53,24.67,24.08,24.54,17986.0,,0.08156606851550396,
2026-08-11,301330,熵基科技,SZ,STOCK,24.4,24.65,24.11,24.41,15714.0,,-0.5297473512632433,
2026-08-12,301330,熵基科技,SZ,STOCK,24.48,24.96,24.28,24.72,24258.0,,1.2699713232281695,
2026-08-13,301330,熵基科技,SZ,STOCK,24.8,25.08,24.32,24.34,22769.0,,-1.53721682847896,
2026-08-14,301330,熵基科技,SZ,STOCK,24.56,24.66,24.13,24.55,18998.0,,0.8627773212818379,
2026-08-17,301330,熵基科技,SZ,STOCK,24.55,24.98,24.15,24.93,21266.0,,1.547861507128312,
2026-08-18,301330,熵基科技,SZ,STOCK,24.87,24.97,24.36,24.64,16280.0,,-1.1632571199358122,
2026-08-19,301330,熵基科技,SZ,STOCK,24.34,24.55,23.55,23.63,20609.0,,-4.099025974025983,
2026-08-20,301330,熵基科技,SZ,STOCK,23.96,24.49,23.71,24.16,19017.0,,2.2429115531104493,
2026-08-21,301330,熵基科技,SZ,STOCK,24.18,24.25,23.66,23.9,13924.0,,-1.0761589403973537,
2025-06-30,513310,中韩半导体ETF华泰柏瑞,SH,ETF,1.671,1.692,1.671,1.683,1822667.0,,1.0204081632653184,
2025-07-01,513310,中韩半导体ETF华泰柏瑞,SH,ETF,1.688,1.689,1.659,1.663,1065682.0,,-1.1883541295306,
2025-07-02,513310,中韩半导体ETF华泰柏瑞,SH,ETF,1.646,1.65,1.632,1.636,752047.0,,-1.6235718580878022,
2025-07-03,513310,中韩半导体ETF华泰柏瑞,SH,ETF,1.653,1.659,1.646,1.658,879617.0,,1.344743276283622,
2025-07-04,513310,中韩半导体ETF华泰柏瑞,SH,ETF,1.647,1.654,1.63,1.64,1191708.0,,-1.0856453558504287,
2025-07-07,513310,中韩半导体ETF华泰柏瑞,SH,ETF,1.629,1.639,1.625,1.627,543662.0,,-0.7926829268292579,
2025-07-08,513310,中韩半导体ETF华泰柏瑞,SH,ETF,1.633,1.649,1.629,1.645,1060029.0,,1.1063306699446773,
2025-07-09,513310,中韩半导体ETF华泰柏瑞,SH,ETF,1.639,1.64,1.625,1.628,638716.0,,-1.0334346504559333,
2025-07-10,513310,中韩半导体ETF华泰柏瑞,SH,ETF,1.634,1.641,1.632,1.638,765992.0,,0.6142506142506221,
2025-07-11,513310,中韩半导体ETF华泰柏瑞,SH,ETF,1.648,1.666,1.648,1.656,1461095.0,,1.098901098901095,
2025-07-14,513310,中韩半导体ETF华泰柏瑞,SH,ETF,1.658,1.662,1.651,1.652,602446.0,,-0.24154589371980784,
2025-07-15,513310,中韩半导体ETF华泰柏瑞,SH,ETF,1.645,1.66,1.642,1.66,1096637.0,,0.4842615012106588,
2025-07-16,513310,中韩半导体ETF华泰柏瑞,SH,ETF,1.657,1.678,1.653,1.661,1603633.0,,0.060240963855417995,
2025-07-17,513310,中韩半导体ETF华泰柏瑞,SH,ETF,1.645,1.648,1.632,1.647,1889861.0,,-0.8428657435279985,
2025-07-18,513310,中韩半导体ETF华泰柏瑞,SH,ETF,1.65,1.661,1.647,1.651,1152520.0,,0.24286581663630624,
2025-07-21,513310,中韩半导体ETF华泰柏瑞,SH,ETF,1.651,1.657,1.648,1.652,878401.0,,0.06056935190792423,
2025-07-22,513310,中韩半导体ETF华泰柏瑞,SH,ETF,1.646,1.657,1.634,1.636,1662135.0,,-0.9685230024213065,
2025-07-23,513310,中韩半导体ETF华泰柏瑞,SH,ETF,1.636,1.649,1.631,1.641,1812578.0,,0.3056234718826545,
2025-07-24,513310,中韩半导体ETF华泰柏瑞,SH,ETF,1.649,1.664,1.648,1.653,2082199.0,,0.7312614259597838,
2025-07-25,513310,中韩半导体ETF华泰柏瑞,SH,ETF,1.652,1.675,1.646,1.666,2647667.0,,0.7864488808227321,
2025-07-28,513310,中韩半导体ETF华泰柏瑞,SH,ETF,1.666,1.686,1.661,1.679,2313024.0,,0.7803121248499467,
2025-07-29,513310,中韩半导体ETF华泰柏瑞,SH,ETF,1.669,1.69,1.669,1.685,2407432.0,,0.3573555687909513,
2025-07-30,513310,中韩半导体ETF华泰柏瑞,SH,ETF,1.694,1.712,1.691,1.694,1934966.0,,0.5341246290801127,
2025-07-31,513310,中韩半导体ETF华泰柏瑞,SH,ETF,1.693,1.709,1.685,1.687,2176408.0,,-0.4132231404958664,
2025-08-01,513310,中韩半导体ETF华泰柏瑞,SH,ETF,1.657,1.665,1.629,1.63,1577360.0,,-3.378778897451107,
2025-08-04,513310,中韩半导体ETF华泰柏瑞,SH,ETF,1.646,1.659,1.643,1.655,1598825.0,,1.533742331288357,
2025-08-05,513310,中韩半导体ETF华泰柏瑞,SH,ETF,1.666,1.669,1.66,1.666,884091.0,,0.6646525679758319,
2025-08-06,513310,中韩半导体ETF华泰柏瑞,SH,ETF,1.655,1.669,1.652,1.665,951731.0,,-0.06002400960383181,
2025-08-07,513310,中韩半导体ETF华泰柏瑞,SH,ETF,1.672,1.694,1.669,1.685,2222549.0,,1.2012012012011963,
2025-08-08,513310,中韩半导体ETF华泰柏瑞,SH,ETF,1.694,1.696,1.671,1.672,1011026.0,,-0.7715133531157381,
2025-08-11,513310,中韩半导体ETF华泰柏瑞,SH,ETF,1.678,1.688,1.678,1.683,586931.0,,0.6578947368421018,
2025-08-12,513310,中韩半导体ETF华泰柏瑞,SH,ETF,1.69,1.728,1.689,1.712,4058061.0,,1.7231134878193721,
2025-08-13,513310,中韩半导体ETF华泰柏瑞,SH,ETF,1.727,1.741,1.724,1.74,1663529.0,,1.6355140186915973,
2025-08-14,513310,中韩半导体ETF华泰柏瑞,SH,ETF,1.731,1.782,1.731,1.756,5413234.0,,0.9195402298850519,
2025-08-15,513310,中韩半导体ETF华泰柏瑞,SH,ETF,1.748,1.772,1.747,1.765,2974149.0,,0.5125284738040969,
2025-08-18,513310,中韩半导体ETF华泰柏瑞,SH,ETF,1.765,1.782,1.749,1.757,3540512.0,,-0.45325779036827774,
2025-08-19,513310,中韩半导体ETF华泰柏瑞,SH,ETF,1.759,1.764,1.728,1.729,2094575.0,,-1.5936254980079556,
2025-08-20,513310,中韩半导体ETF华泰柏瑞,SH,ETF,1.707,1.749,1.704,1.747,4395703.0,,1.0410641989589298,
2025-08-21,513310,中韩半导体ETF华泰柏瑞,SH,ETF,1.745,1.766,1.738,1.739,3113210.0,,-0.4579278763594763,
2025-08-22,513310,中韩半导体ETF华泰柏瑞,SH,ETF,1.755,1.895,1.755,1.867,20702381.0,,7.36055204140309,
2025-08-25,513310,中韩半导体ETF华泰柏瑞,SH,ETF,1.897,2.054,1.895,1.915,21030042.0,,2.5709694697375385,
2025-08-26,513310,中韩半导体ETF华泰柏瑞,SH,ETF,1.899,1.912,1.884,1.893,8777390.0,,-1.1488250652741505,
2025-08-27,513310,中韩半导体ETF华泰柏瑞,SH,ETF,1.913,1.959,1.891,1.893,25600426.0,,0.0,
2025-08-28,513310,中韩半导体ETF华泰柏瑞,SH,ETF,1.905,1.996,1.902,1.992,44817756.0,,5.229793977813002,
2025-08-29,513310,中韩半导体ETF华泰柏瑞,SH,ETF,1.96,1.966,1.931,1.953,15285355.0,,-1.9578313253011959,
2025-09-01,513310,中韩半导体ETF华泰柏瑞,SH,ETF,1.963,1.977,1.922,1.944,16792965.0,,-0.4608294930875667,
2025-09-02,513310,中韩半导体ETF华泰柏瑞,SH,ETF,1.951,1.974,1.917,1.929,14740827.0,,-0.7716049382715973,
2025-09-03,513310,中韩半导体ETF华泰柏瑞,SH,ETF,1.925,1.934,1.9,1.906,11287155.0,,-1.19232763089685,
2025-09-04,513310,中韩半导体ETF华泰柏瑞,SH,ETF,1.91,1.917,1.81,1.826,11012469.0,,-4.197271773347322,
2025-09-05,513310,中韩半导体ETF华泰柏瑞,SH,ETF,1.843,1.884,1.83,1.874,14263005.0,,2.6286966046002114,
2025-09-08,513310,中韩半导体ETF华泰柏瑞,SH,ETF,1.878,1.901,1.863,1.89,9541190.0,,0.8537886872998834,
2025-09-09,513310,中韩半导体ETF华泰柏瑞,SH,ETF,1.887,1.909,1.882,1.889,7726480.0,,-0.05291005291004902,
2025-09-10,513310,中韩半导体ETF华泰柏瑞,SH,ETF,1.91,1.959,1.91,1.937,13876407.0,,2.541026998411855,
2025-09-11,513310,中韩半导体ETF华泰柏瑞,SH,ETF,1.938,2.034,1.929,2.018,25002138.0,,4.181724315952495,
2025-09-12,513310,中韩半导体ETF华泰柏瑞,SH,ETF,2.041,2.091,2.037,2.069,22765603.0,,2.5272547076313323,
2025-09-15,513310,中韩半导体ETF华泰柏瑞,SH,ETF,2.119,2.211,2.085,2.092,19536848.0,,1.1116481391976851,
2025-09-16,513310,中韩半导体ETF华泰柏瑞,SH,ETF,2.12,2.163,2.117,2.15,23205624.0,,2.7724665391969383,
2025-09-17,513310,中韩半导体ETF华泰柏瑞,SH,ETF,2.118,2.151,2.111,2.13,16007531.0,,-0.9302325581395321,
2025-09-18,513310,中韩半导体ETF华泰柏瑞,SH,ETF,2.166,2.242,2.158,2.188,33440456.0,,2.7230046948356845,
2025-09-19,513310,中韩半导体ETF华泰柏瑞,SH,ETF,2.224,2.224,2.162,2.165,19338969.0,,-1.051188299817185,
2025-09-22,513310,中韩半导体ETF华泰柏瑞,SH,ETF,2.186,2.261,2.175,2.248,29098831.0,,3.8337182448036966,
2025-09-23,513310,中韩半导体ETF华泰柏瑞,SH,ETF,2.262,2.273,2.212,2.257,21840974.0,,0.40035587188611554,
2025-09-24,513310,中韩半导体ETF华泰柏瑞,SH,ETF,2.222,2.34,2.221,2.311,34429762.0,,2.3925564909171415,
2025-09-25,513310,中韩半导体ETF华泰柏瑞,SH,ETF,2.305,2.324,2.289,2.305,17535910.0,,-0.25962786672435456,
2025-09-26,513310,中韩半导体ETF华泰柏瑞,SH,ETF,2.281,2.297,2.238,2.239,16231962.0,,-2.8633405639913345,
2025-09-29,513310,中韩半导体ETF华泰柏瑞,SH,ETF,2.26,2.287,2.242,2.282,17358110.0,,1.9205002233139812,
2025-09-30,513310,中韩半导体ETF华泰柏瑞,SH,ETF,2.3,2.327,2.297,2.298,20137478.0,,0.7011393514460895,
2025-10-09,513310,中韩半导体ETF华泰柏瑞,SH,ETF,2.44,2.517,2.4,2.462,23243201.0,,7.136640557006091,
2025-10-10,513310,中韩半导体ETF华泰柏瑞,SH,ETF,2.47,2.474,2.371,2.38,12447036.0,,-3.330625507717311,
2025-10-13,513310,中韩半导体ETF华泰柏瑞,SH,ETF,2.306,2.479,2.306,2.402,36410923.0,,0.9243697478991786,
2025-10-14,513310,中韩半导体ETF华泰柏瑞,SH,ETF,2.455,2.479,2.309,2.324,26731034.0,,-3.2472939217318975,
2025-10-15,513310,中韩半导体ETF华泰柏瑞,SH,ETF,2.35,2.397,2.322,2.382,24441048.0,,2.495697074010339,
2025-10-16,513310,中韩半导体ETF华泰柏瑞,SH,ETF,2.385,2.419,2.385,2.395,17329648.0,,0.5457598656591012,
2025-10-17,513310,中韩半导体ETF华泰柏瑞,SH,ETF,2.401,2.409,2.342,2.35,14029950.0,,-1.8789144050104345,
2025-10-20,513310,中韩半导体ETF华泰柏瑞,SH,ETF,2.4,2.411,2.37,2.385,15368699.0,,1.4893617021276562,
2025-10-21,513310,中韩半导体ETF华泰柏瑞,SH,ETF,2.413,2.423,2.392,2.406,18688977.0,,0.8805031446541101,
2025-10-22,513310,中韩半导体ETF华泰柏瑞,SH,ETF,2.374,2.428,2.356,2.412,22430018.0,,0.24937655860348684,
2025-10-23,513310,中韩半导体ETF华泰柏瑞,SH,ETF,2.396,2.405,2.36,2.386,13880463.0,,-1.0779436152570376,
2025-10-24,513310,中韩半导体ETF华泰柏瑞,SH,ETF,2.431,2.504,2.423,2.49,29582240.0,,4.358759430008385,
2025-10-27,513310,中韩半导体ETF华泰柏瑞,SH,ETF,2.555,2.644,2.55,2.604,21209002.0,,4.578313253012034,
2025-10-28,513310,中韩半导体ETF华泰柏瑞,SH,ETF,2.558,2.677,2.55,2.61,25857958.0,,0.23041474654377225,
2025-10-29,513310,中韩半导体ETF华泰柏瑞,SH,ETF,2.649,2.706,2.649,2.702,13786778.0,,3.524904214559399,
2025-10-30,513310,中韩半导体ETF华泰柏瑞,SH,ETF,2.763,2.832,2.702,2.725,19025116.0,,0.8512213175425609,
2025-10-31,513310,中韩半导体ETF华泰柏瑞,SH,ETF,2.778,2.81,2.673,2.706,15990227.0,,-0.6972477064220217,
2025-11-03,513310,中韩半导体ETF华泰柏瑞,SH,ETF,2.749,2.838,2.69,2.831,18638798.0,,4.619364375461932,
2025-11-04,513310,中韩半导体ETF华泰柏瑞,SH,ETF,2.831,2.838,2.548,2.684,17156649.0,,-5.192511480042383,
2025-11-05,513310,中韩半导体ETF华泰柏瑞,SH,ETF,2.548,2.697,2.534,2.6,19160507.0,,-3.1296572280178903,
2025-11-06,513310,中韩半导体ETF华泰柏瑞,SH,ETF,2.655,2.707,2.655,2.689,14044766.0,,3.4230769230769287,
2025-11-07,513310,中韩半导体ETF华泰柏瑞,SH,ETF,2.672,2.721,2.655,2.666,10233107.0,,-0.8553365563406468,
2025-11-10,513310,中韩半导体ETF华泰柏瑞,SH,ETF,2.72,2.742,2.681,2.695,8484671.0,,1.087771942985749,
2025-11-11,513310,中韩半导体ETF华泰柏瑞,SH,ETF,2.753,2.759,2.678,2.706,8075490.0,,0.40816326530612734,
2025-11-12,513310,中韩半导体ETF华泰柏瑞,SH,ETF,2.68,2.721,2.664,2.69,8326222.0,,-0.591278640059123,
2025-11-13,513310,中韩半导体ETF华泰柏瑞,SH,ETF,2.69,2.708,2.669,2.673,5154547.0,,-0.631970260223047,
2025-11-14,513310,中韩半导体ETF华泰柏瑞,SH,ETF,2.635,2.637,2.542,2.554,5746261.0,,-4.451926674148909,
2025-11-17,513310,中韩半导体ETF华泰柏瑞,SH,ETF,2.6,2.603,2.51,2.532,7471640.0,,-0.8613938919342146,
2025-11-18,513310,中韩半导体ETF华泰柏瑞,SH,ETF,2.502,2.568,2.48,2.482,10995346.0,,-1.9747235387045703,
2025-11-19,513310,中韩半导体ETF华泰柏瑞,SH,ETF,2.48,2.513,2.405,2.435,9165107.0,,-1.8936341659951728,
2025-11-20,513310,中韩半导体ETF华泰柏瑞,SH,ETF,2.5,2.507,2.44,2.46,8125144.0,,1.0266940451745254,
2025-11-21,513310,中韩半导体ETF华泰柏瑞,SH,ETF,2.391,2.42,2.275,2.297,14712242.0,,-6.626016260162593,
2025-11-24,513310,中韩半导体ETF华泰柏瑞,SH,ETF,2.33,2.337,2.287,2.303,11557055.0,,0.26121027427077337,
2025-11-25,513310,中韩半导体ETF华泰柏瑞,SH,ETF,2.331,2.377,2.33,2.349,11989493.0,,1.9973947025618832,
2025-11-26,513310,中韩半导体ETF华泰柏瑞,SH,ETF,2.35,2.42,2.342,2.407,16052615.0,,2.4691358024691246,
2025-11-27,513310,中韩半导体ETF华泰柏瑞,SH,ETF,2.445,2.502,2.432,2.457,15470455.0,,2.0772746157041944,
2025-11-28,513310,中韩半导体ETF华泰柏瑞,SH,ETF,2.45,2.491,2.433,2.473,14096981.0,,0.6512006512006563,
2025-12-01,513310,中韩半导体ETF华泰柏瑞,SH,ETF,2.488,2.495,2.475,2.478,7431535.0,,0.2021835826931051,
2025-12-02,513310,中韩半导体ETF华泰柏瑞,SH,ETF,2.491,2.492,2.447,2.452,4815120.0,,-1.049233252623094,
2025-12-03,513310,中韩半导体ETF华泰柏瑞,SH,ETF,2.463,2.476,2.425,2.43,6367694.0,,-0.8972267536704659,
2025-12-04,513310,中韩半导体ETF华泰柏瑞,SH,ETF,2.418,2.456,2.402,2.454,8818929.0,,0.9876543209876631,
2025-12-05,513310,中韩半导体ETF华泰柏瑞,SH,ETF,2.455,2.467,2.437,2.46,8237164.0,,0.24449877750609694,
2025-12-08,513310,中韩半导体ETF华泰柏瑞,SH,ETF,2.459,2.575,2.456,2.57,19992464.0,,4.471544715447151,
2025-12-09,513310,中韩半导体ETF华泰柏瑞,SH,ETF,2.557,2.623,2.538,2.548,20030912.0,,-0.8560311284046662,
2025-12-10,513310,中韩半导体ETF华泰柏瑞,SH,ETF,2.555,2.57,2.523,2.535,10585543.0,,-0.5102040816326481,
2025-12-11,513310,中韩半导体ETF华泰柏瑞,SH,ETF,2.55,2.563,2.481,2.487,8789961.0,,-1.8934911242603603,
2025-12-12,513310,中韩半导体ETF华泰柏瑞,SH,ETF,2.493,2.521,2.483,2.499,11214779.0,,0.4825090470446325,
2025-12-15,513310,中韩半导体ETF华泰柏瑞,SH,ETF,2.46,2.502,2.435,2.445,6138400.0,,-2.1608643457383114,
2025-12-16,513310,中韩半导体ETF华泰柏瑞,SH,ETF,2.437,2.441,2.348,2.355,7637112.0,,-3.6809815950920144,
2025-12-17,513310,中韩半导体ETF华泰柏瑞,SH,ETF,2.371,2.41,2.361,2.397,13205418.0,,1.7834394904458595,
2025-12-18,513310,中韩半导体ETF华泰柏瑞,SH,ETF,2.376,2.406,2.365,2.367,7751889.0,,-1.2515644555694538,
2025-12-19,513310,中韩半导体ETF华泰柏瑞,SH,ETF,2.399,2.409,2.377,2.379,8967299.0,,0.5069708491761693,
2025-12-22,513310,中韩半导体ETF华泰柏瑞,SH,ETF,2.418,2.469,2.418,2.464,13457358.0,,3.5729298024379963,
2025-12-23,513310,中韩半导体ETF华泰柏瑞,SH,ETF,2.464,2.512,2.463,2.482,12068018.0,,0.7305194805194981,
2025-12-24,513310,中韩半导体ETF华泰柏瑞,SH,ETF,2.507,2.515,2.487,2.505,9108885.0,,0.9266720386784666,
2025-12-25,513310,中韩半导体ETF华泰柏瑞,SH,ETF,2.51,2.527,2.5,2.512,6674756.0,,0.27944111776447844,
2025-12-26,513310,中韩半导体ETF华泰柏瑞,SH,ETF,2.525,2.546,2.521,2.532,6773021.0,,0.79617834394905,
2025-12-29,513310,中韩半导体ETF华泰柏瑞,SH,ETF,2.565,2.607,2.554,2.591,10951079.0,,2.330173775671418,
2025-12-30,513310,中韩半导体ETF华泰柏瑞,SH,ETF,2.596,2.628,2.596,2.613,9449886.0,,0.8490930142802,
2025-12-31,513310,中韩半导体ETF华泰柏瑞,SH,ETF,2.636,2.645,2.571,2.577,7448954.0,,-1.3777267508610858,
2026-01-05,513310,中韩半导体ETF华泰柏瑞,SH,ETF,2.66,2.807,2.642,2.795,16652141.0,,8.45944897167248,
2026-01-06,513310,中韩半导体ETF华泰柏瑞,SH,ETF,2.793,2.982,2.781,2.953,23930306.0,,5.6529516994633155,
2026-01-07,513310,中韩半导体ETF华泰柏瑞,SH,ETF,3.104,3.23,3.031,3.126,22443790.0,,5.858449034879776,
2026-01-08,513310,中韩半导体ETF华泰柏瑞,SH,ETF,3.126,3.439,2.85,3.011,14682301.0,,-3.6788227767114434,
2026-01-09,513310,中韩半导体ETF华泰柏瑞,SH,ETF,2.979,3.014,2.905,2.977,12475080.0,,-1.129192959149794,
2026-01-12,513310,中韩半导体ETF华泰柏瑞,SH,ETF,3.012,3.11,3.01,3.068,9121356.0,,3.056768558951961,
2026-01-13,513310,中韩半导体ETF华泰柏瑞,SH,ETF,3.069,3.11,2.983,3.001,6287916.0,,-2.1838331160365154,
2026-01-14,513310,中韩半导体ETF华泰柏瑞,SH,ETF,3.028,3.05,2.975,2.991,7656767.0,,-0.3332222592469125,
2026-01-15,513310,中韩半导体ETF华泰柏瑞,SH,ETF,2.971,3.06,2.951,3.056,12806295.0,,2.1731862253426826,
2026-01-16,513310,中韩半导体ETF华泰柏瑞,SH,ETF,3.156,3.179,3.106,3.159,10938525.0,,3.3704188481675335,
2026-01-19,513310,中韩半导体ETF华泰柏瑞,SH,ETF,3.18,3.25,3.164,3.18,7983800.0,,0.664767331434013,
2026-01-20,513310,中韩半导体ETF华泰柏瑞,SH,ETF,3.14,3.184,3.08,3.088,6677365.0,,-2.8930817610062887,
2026-01-21,513310,中韩半导体ETF华泰柏瑞,SH,ETF,3.103,3.2,3.103,3.191,9269735.0,,3.3354922279792643,
2026-01-22,513310,中韩半导体ETF华泰柏瑞,SH,ETF,3.297,3.345,3.23,3.244,10607363.0,,1.6609213412723367,
2026-01-23,513310,中韩半导体ETF华泰柏瑞,SH,ETF,3.132,3.239,3.091,3.192,8440310.0,,-1.602959309494456,
2026-01-26,513310,中韩半导体ETF华泰柏瑞,SH,ETF,3.25,3.258,3.198,3.218,4747629.0,,0.8145363408521344,
2026-01-27,513310,中韩半导体ETF华泰柏瑞,SH,ETF,3.25,3.436,3.178,3.363,18992686.0,,4.505904288377871,
2026-01-28,513310,中韩半导体ETF华泰柏瑞,SH,ETF,3.431,3.648,3.372,3.613,15009067.0,,7.433838834374074,
2026-01-29,513310,中韩半导体ETF华泰柏瑞,SH,ETF,3.609,3.858,3.5,3.652,14140749.0,,1.0794353722668237,
2026-01-30,513310,中韩半导体ETF华泰柏瑞,SH,ETF,3.7,3.908,3.358,3.739,19308922.0,,2.38225629791895,
2026-02-02,513310,中韩半导体ETF华泰柏瑞,SH,ETF,3.4,3.75,3.365,3.365,11364870.0,,-10.002674511901565,
2026-02-03,513310,中韩半导体ETF华泰柏瑞,SH,ETF,3.702,3.702,3.41,3.655,18960510.0,,8.61812778603268,
2026-02-04,513310,中韩半导体ETF华泰柏瑞,SH,ETF,3.545,3.73,3.493,3.612,18834898.0,,-1.17647058823529,
2026-02-05,513310,中韩半导体ETF华泰柏瑞,SH,ETF,3.5,3.54,3.385,3.415,15754758.0,,-5.454042081949062,
2026-02-06,513310,中韩半导体ETF华泰柏瑞,SH,ETF,3.438,3.621,3.372,3.405,14509957.0,,-0.2928257686676483,
2026-02-09,513310,中韩半导体ETF华泰柏瑞,SH,ETF,3.575,3.609,3.5,3.533,11039079.0,,3.7591776798825194,
2026-02-10,513310,中韩半导体ETF华泰柏瑞,SH,ETF,3.563,3.574,3.477,3.489,7339946.0,,-1.2454005094820308,
2026-02-11,513310,中韩半导体ETF华泰柏瑞,SH,ETF,3.471,3.475,3.411,3.422,4400802.0,,-1.920321008885062,
2026-02-12,513310,中韩半导体ETF华泰柏瑞,SH,ETF,3.512,3.589,3.471,3.539,10154992.0,,3.419053185271781,
2026-02-13,513310,中韩半导体ETF华泰柏瑞,SH,ETF,3.552,3.66,3.53,3.603,14181908.0,,1.8084204577564211,
2026-02-24,513310,中韩半导体ETF华泰柏瑞,SH,ETF,3.722,3.858,3.71,3.851,10402989.0,,6.883152928115455,
2026-02-25,513310,中韩半导体ETF华泰柏瑞,SH,ETF,4.074,4.074,3.851,3.941,12112999.0,,2.337055310309011,
2026-02-26,513310,中韩半导体ETF华泰柏瑞,SH,ETF,4.099,4.33,4.01,4.321,20692539.0,,9.642222786094901,
2026-02-27,513310,中韩半导体ETF华泰柏瑞,SH,ETF,4.321,4.65,4.148,4.256,25049156.0,,-1.504281416338804,
2026-03-02,513310,中韩半导体ETF华泰柏瑞,SH,ETF,3.83,4.363,3.83,4.103,13996334.0,,-3.594924812030087,
2026-03-03,513310,中韩半导体ETF华泰柏瑞,SH,ETF,3.939,4.05,3.703,3.78,15928733.0,,-7.872288569339503,
2026-03-04,513310,中韩半导体ETF华泰柏瑞,SH,ETF,3.7,3.87,3.585,3.787,21538784.0,,0.18518518518519933,
2026-03-05,513310,中韩半导体ETF华泰柏瑞,SH,ETF,4.1,4.166,3.973,4.099,17138326.0,,8.238711381040398,
2026-03-06,513310,中韩半导体ETF华泰柏瑞,SH,ETF,4.101,4.198,4.002,4.132,21464247.0,,0.8050744083922812,
2026-03-09,513310,中韩半导体ETF华泰柏瑞,SH,ETF,3.806,4.039,3.806,3.995,15847073.0,,-3.315585672797672,
2026-03-10,513310,中韩半导体ETF华泰柏瑞,SH,ETF,4.395,4.395,4.125,4.129,13095563.0,,3.354192740926143,
2026-03-11,513310,中韩半导体ETF华泰柏瑞,SH,ETF,4.2,4.23,4.009,4.037,12372892.0,,-2.2281424073625544,
2026-03-12,513310,中韩半导体ETF华泰柏瑞,SH,ETF,4.037,4.037,3.931,3.996,9051774.0,,-1.0156056477582331,
2026-03-13,513310,中韩半导体ETF华泰柏瑞,SH,ETF,3.92,4.069,3.92,3.992,11658220.0,,-0.10010010010009784,
2026-03-16,513310,中韩半导体ETF华泰柏瑞,SH,ETF,3.93,4.2,3.672,4.105,24626830.0,,2.8306613226453115,
2026-03-17,513310,中韩半导体ETF华泰柏瑞,SH,ETF,4.15,4.199,3.961,3.97,15337470.0,,-3.2886723507917215,
2026-03-18,513310,中韩半导体ETF华泰柏瑞,SH,ETF,4.034,4.176,4.0,4.131,24360969.0,,4.055415617128455,
2026-03-19,513310,中韩半导体ETF华泰柏瑞,SH,ETF,4.131,4.145,4.02,4.047,15792068.0,,-2.0334059549745986,
2026-03-20,513310,中韩半导体ETF华泰柏瑞,SH,ETF,4.045,4.088,3.95,3.973,10755284.0,,-1.8285149493451947,
2026-03-23,513310,中韩半导体ETF华泰柏瑞,SH,ETF,3.83,3.915,3.613,3.663,15484434.0,,-7.802668009061165,
2026-03-24,513310,中韩半导体ETF华泰柏瑞,SH,ETF,3.71,3.84,3.664,3.792,24064374.0,,3.521703521703512,
2026-03-25,513310,中韩半导体ETF华泰柏瑞,SH,ETF,4.171,4.171,3.87,3.888,14750182.0,,2.5316455696202445,
2026-03-26,513310,中韩半导体ETF华泰柏瑞,SH,ETF,3.732,3.812,3.72,3.739,8155363.0,,-3.8323045267489753,
2026-03-27,513310,中韩半导体ETF华泰柏瑞,SH,ETF,3.739,3.845,3.65,3.757,16878099.0,,0.4814121422840323,
2026-03-30,513310,中韩半导体ETF华泰柏瑞,SH,ETF,3.666,3.755,3.603,3.684,13833379.0,,-1.9430396593026367,
2026-03-31,513310,中韩半导体ETF华泰柏瑞,SH,ETF,3.72,3.72,3.461,3.469,10675290.0,,-5.836047774158526,
2026-04-01,513310,中韩半导体ETF华泰柏瑞,SH,ETF,3.78,3.8,3.599,3.619,14590137.0,,4.3240126837705395,
2026-04-02,513310,中韩半导体ETF华泰柏瑞,SH,ETF,3.257,3.548,3.257,3.443,9735358.0,,-4.863221884498481,
2026-04-03,513310,中韩半导体ETF华泰柏瑞,SH,ETF,3.527,3.527,3.373,3.379,9706574.0,,-1.85884403136799,
2026-04-07,513310,中韩半导体ETF华泰柏瑞,SH,ETF,3.4,3.447,3.373,3.38,9634591.0,,0.029594554601941603,
2026-04-08,513310,中韩半导体ETF华泰柏瑞,SH,ETF,3.6,3.718,3.547,3.718,18883569.0,,10.000000000000009,
2026-04-09,513310,中韩半导体ETF华泰柏瑞,SH,ETF,3.68,3.875,3.646,3.696,29708299.0,,-0.5917159763313529,
2026-04-10,513310,中韩半导体ETF华泰柏瑞,SH,ETF,3.746,3.866,3.746,3.771,17468241.0,,2.029220779220764,
2026-04-13,513310,中韩半导体ETF华泰柏瑞,SH,ETF,3.749,3.829,3.749,3.77,10968732.0,,-0.026518164942979094,
2026-04-14,513310,中韩半导体ETF华泰柏瑞,SH,ETF,3.845,3.958,3.823,3.853,12832772.0,,2.2015915119363516,
2026-04-15,513310,中韩半导体ETF华泰柏瑞,SH,ETF,3.89,3.988,3.797,3.815,12466087.0,,-0.9862444848170338,
2026-04-16,513310,中韩半导体ETF华泰柏瑞,SH,ETF,3.87,3.87,3.802,3.823,8078192.0,,0.20969855832240203,
2026-04-17,513310,中韩半导体ETF华泰柏瑞,SH,ETF,3.789,3.837,3.78,3.782,8132012.0,,-1.0724561862411663,
2026-04-20,513310,中韩半导体ETF华泰柏瑞,SH,ETF,3.8,3.809,3.761,3.771,5692575.0,,-0.29085140137493637,
2026-04-21,513310,中韩半导体ETF华泰柏瑞,SH,ETF,3.8,3.88,3.736,3.872,12308227.0,,2.678334659241588,
2026-04-22,513310,中韩半导体ETF华泰柏瑞,SH,ETF,3.829,3.966,3.815,3.925,20316380.0,,1.3688016528925706,
2026-04-23,513310,中韩半导体ETF华泰柏瑞,SH,ETF,3.999,4.022,3.845,3.915,16576390.0,,-0.2547770700636942,
2026-04-24,513310,中韩半导体ETF华泰柏瑞,SH,ETF,3.895,3.969,3.894,3.923,16144057.0,,0.2043422733077893,
2026-04-27,513310,中韩半导体ETF华泰柏瑞,SH,ETF,3.996,4.26,3.985,4.226,29477927.0,,7.7236808564873805,
2026-04-28,513310,中韩半导体ETF华泰柏瑞,SH,ETF,4.25,4.479,4.191,4.227,30638457.0,,0.023663038334120756,
2026-04-29,513310,中韩半导体ETF华泰柏瑞,SH,ETF,4.182,4.24,4.136,4.188,13326588.0,,-0.9226401703335885,
2026-04-30,513310,中韩半导体ETF华泰柏瑞,SH,ETF,4.245,4.396,4.244,4.291,21901292.0,,2.459407831900684,
2026-05-06,513310,中韩半导体ETF华泰柏瑞,SH,ETF,4.72,4.72,4.72,4.72,1426287.0,,9.997669540899533,
2026-05-07,513310,中韩半导体ETF华泰柏瑞,SH,ETF,4.8,5.142,4.8,5.057,29713324.0,,7.139830508474598,
2026-05-08,513310,中韩半导体ETF华泰柏瑞,SH,ETF,4.98,5.184,4.885,5.122,22706735.0,,1.2853470437017789,
2026-05-11,513310,中韩半导体ETF华泰柏瑞,SH,ETF,5.634,5.634,5.44,5.634,12651096.0,,9.996095275283112,
2026-05-12,513310,中韩半导体ETF华泰柏瑞,SH,ETF,5.577,6.059,5.411,5.598,36791745.0,,-0.6389776357827559,
2026-05-13,513310,中韩半导体ETF华泰柏瑞,SH,ETF,5.821,6.139,5.619,6.134,33477768.0,,9.574848160057181,
2026-05-14,513310,中韩半导体ETF华泰柏瑞,SH,ETF,6.137,6.747,5.958,6.237,14254883.0,,1.6791653081186686,
2026-05-15,513310,中韩半导体ETF华泰柏瑞,SH,ETF,6.212,6.212,5.74,6.005,14653855.0,,-3.7197370530703933,
2026-05-18,513310,中韩半导体ETF华泰柏瑞,SH,ETF,6.0,6.385,5.405,5.662,15128376.0,,-5.7119067443796805,
2026-05-19,513310,中韩半导体ETF华泰柏瑞,SH,ETF,5.43,5.57,5.105,5.323,36980414.0,,-5.9872836453549905,
2026-05-20,513310,中韩半导体ETF华泰柏瑞,SH,ETF,5.599,5.799,5.34,5.382,11024701.0,,1.1083975201953589,
2026-05-21,513310,中韩半导体ETF华泰柏瑞,SH,ETF,5.92,5.92,5.563,5.625,24379685.0,,4.515050167224088,
2026-05-22,513310,中韩半导体ETF华泰柏瑞,SH,ETF,5.625,5.729,5.571,5.708,18371169.0,,1.4755555555555633,
2026-05-25,513310,中韩半导体ETF华泰柏瑞,SH,ETF,5.867,6.05,5.822,6.041,12080762.0,,5.833917309039949,
2026-05-26,513310,中韩半导体ETF华泰柏瑞,SH,ETF,6.211,6.311,6.11,6.148,11751484.0,,1.7712299288197286,
2026-05-27,513310,中韩半导体ETF华泰柏瑞,SH,ETF,6.763,6.763,6.31,6.498,9304689.0,,5.692908262849716,
2026-05-28,513310,中韩半导体ETF华泰柏瑞,SH,ETF,6.49,6.505,6.029,6.07,10335232.0,,-6.586642043705759,
2026-05-29,513310,中韩半导体ETF华泰柏瑞,SH,ETF,6.07,6.17,5.92,5.979,9400915.0,,-1.4991762767710082,
2026-06-01,513310,中韩半导体ETF华泰柏瑞,SH,ETF,6.099,6.2,5.671,5.841,22353065.0,,-2.308078273958858,
2026-06-02,513310,中韩半导体ETF华泰柏瑞,SH,ETF,5.841,6.027,5.748,5.942,22612083.0,,1.7291559664440959,
2026-06-03,513310,中韩半导体ETF华泰柏瑞,SH,ETF,6.04,6.16,6.031,6.136,7229632.0,,3.264893975092553,
2026-06-04,513310,中韩半导体ETF华泰柏瑞,SH,ETF,6.15,6.228,5.91,5.974,14819100.0,,-2.6401564537157696,
2026-06-05,513310,中韩半导体ETF华泰柏瑞,SH,ETF,5.766,5.85,5.51,5.616,14829242.0,,-5.992634750585879,
2026-06-08,513310,中韩半导体ETF华泰柏瑞,SH,ETF,5.36,5.476,5.188,5.254,14916711.0,,-6.445868945868948,
2026-06-09,513310,中韩半导体ETF华泰柏瑞,SH,ETF,5.432,5.779,5.411,5.779,18299640.0,,9.992386752950132,
2026-06-10,513310,中韩半导体ETF华泰柏瑞,SH,ETF,5.65,5.66,5.433,5.548,20476915.0,,-3.997231354905695,
2026-06-11,513310,中韩半导体ETF华泰柏瑞,SH,ETF,5.548,5.663,5.482,5.588,9763045.0,,0.7209805335256059,
2026-06-12,513310,中韩半导体ETF华泰柏瑞,SH,ETF,5.999,6.05,5.617,5.642,22118790.0,,0.966356478167496,
2026-06-15,513310,中韩半导体ETF华泰柏瑞,SH,ETF,5.9,6.026,5.888,5.989,18274006.0,,6.150301311591622,
2026-06-16,513310,中韩半导体ETF华泰柏瑞,SH,ETF,5.98,6.054,5.93,5.958,14791886.0,,-0.5176156286525235,
2026-06-17,513310,中韩半导体ETF华泰柏瑞,SH,ETF,6.003,6.297,5.953,6.185,26293573.0,,3.8100033568311487,
2026-06-18,513310,中韩半导体ETF华泰柏瑞,SH,ETF,6.345,6.485,6.309,6.355,21358822.0,,2.7485852869846505,
2026-06-22,513310,中韩半导体ETF华泰柏瑞,SH,ETF,6.5,6.529,6.418,6.494,16125320.0,,2.187254130605809,
2026-06-23,513310,中韩半导体ETF华泰柏瑞,SH,ETF,6.366,6.418,6.068,6.093,16043138.0,,-6.1749307052664015,
2026-06-24,513310,中韩半导体ETF华泰柏瑞,SH,ETF,6.3,6.367,6.094,6.309,21544870.0,,3.5450516986706093,
2026-06-25,513310,中韩半导体ETF华泰柏瑞,SH,ETF,6.94,6.94,6.44,6.647,21509641.0,,5.35742589950865,
2026-06-26,513310,中韩半导体ETF华泰柏瑞,SH,ETF,6.414,6.578,6.222,6.47,21258992.0,,-2.662855423499333,
2026-06-29,513310,中韩半导体ETF华泰柏瑞,SH,ETF,6.487,6.685,6.262,6.574,24927651.0,,1.607418856259657,
2026-06-30,513310,中韩半导体ETF华泰柏瑞,SH,ETF,6.698,6.88,6.623,6.687,20081742.0,,1.7188926072406518,
2026-07-01,513310,中韩半导体ETF华泰柏瑞,SH,ETF,6.721,6.83,6.451,6.473,20487503.0,,-3.200239270225813,
2026-07-02,513310,中韩半导体ETF华泰柏瑞,SH,ETF,7.12,7.12,5.915,5.971,14884447.0,,-7.755291209640037,
2026-07-03,513310,中韩半导体ETF华泰柏瑞,SH,ETF,5.993,6.266,5.993,6.13,21597249.0,,2.6628705409479148,
2026-07-06,513310,中韩半导体ETF华泰柏瑞,SH,ETF,6.0,6.25,5.815,6.06,25122450.0,,-1.1419249592169667,
2026-07-07,513310,中韩半导体ETF华泰柏瑞,SH,ETF,6.0,6.127,5.853,5.915,24339197.0,,-2.392739273927391,
2026-07-08,513310,中韩半导体ETF华泰柏瑞,SH,ETF,5.915,6.085,5.801,5.831,25153812.0,,-1.4201183431952646,
2026-07-09,513310,中韩半导体ETF华泰柏瑞,SH,ETF,6.035,6.234,5.875,6.15,33043117.0,,5.470759732464403,
2026-07-10,513310,中韩半导体ETF华泰柏瑞,SH,ETF,6.3,6.323,5.966,5.969,21826257.0,,-2.943089430894308,
2026-07-13,513310,中韩半导体ETF华泰柏瑞,SH,ETF,5.942,5.982,5.572,5.598,19898593.0,,-6.21544647344614,
2026-07-14,513310,中韩半导体ETF华泰柏瑞,SH,ETF,5.589,5.829,5.196,5.66,40291886.0,,1.1075384065737826,
2026-07-15,513310,中韩半导体ETF华泰柏瑞,SH,ETF,5.78,5.828,5.565,5.574,23664862.0,,-1.5194346289752692,
2026-07-16,513310,中韩半导体ETF华泰柏瑞,SH,ETF,5.4,5.48,5.128,5.151,23663969.0,,-7.588805166846068,
2026-07-17,513310,中韩半导体ETF华泰柏瑞,SH,ETF,4.995,5.0,4.636,4.636,31788739.0,,-9.998058629392348,
2026-07-20,513310,中韩半导体ETF华泰柏瑞,SH,ETF,4.836,4.859,4.453,4.535,39763088.0,,-2.178602243313199,
2026-07-21,513310,中韩半导体ETF华泰柏瑞,SH,ETF,4.65,4.989,4.648,4.989,49792530.0,,10.011025358324144,
2026-07-22,513310,中韩半导体ETF华泰柏瑞,SH,ETF,5.028,5.385,5.01,5.042,44353053.0,,1.0623371417117555,
2026-07-23,513310,中韩半导体ETF华泰柏瑞,SH,ETF,5.26,5.295,5.105,5.199,40859217.0,,3.113843712812381,
2026-07-24,513310,中韩半导体ETF华泰柏瑞,SH,ETF,5.15,5.452,5.058,5.07,41937756.0,,-2.4812463935372064,
2026-07-27,513310,中韩半导体ETF华泰柏瑞,SH,ETF,5.11,5.258,5.1,5.195,30168244.0,,2.4654832347140054,
2026-07-28,513310,中韩半导体ETF华泰柏瑞,SH,ETF,4.728,4.889,4.676,4.677,24555726.0,,-9.971126082771908,
2026-07-29,513310,中韩半导体ETF华泰柏瑞,SH,ETF,4.511,4.761,4.366,4.587,56824761.0,,-1.9243104554201418,
2026-07-30,513310,中韩半导体ETF华泰柏瑞,SH,ETF,4.484,4.615,4.291,4.302,50641033.0,,-6.213211249182471,
2026-07-31,513310,中韩半导体ETF华泰柏瑞,SH,ETF,4.732,4.732,4.581,4.6,34787414.0,,6.927010692701074,
2026-08-03,513310,中韩半导体ETF华泰柏瑞,SH,ETF,4.388,4.562,4.375,4.41,31918660.0,,-4.130434782608683,
2026-08-04,513310,中韩半导体ETF华泰柏瑞,SH,ETF,4.499,4.655,4.478,4.612,46014145.0,,4.580498866213145,
2026-08-05,513310,中韩半导体ETF华泰柏瑞,SH,ETF,4.843,5.008,4.809,4.888,48203163.0,,5.984388551604503,
2026-08-06,513310,中韩半导体ETF华泰柏瑞,SH,ETF,4.899,5.045,4.834,4.857,47222618.0,,-0.6342062193125941,
2026-08-07,513310,中韩半导体ETF华泰柏瑞,SH,ETF,5.0,5.031,4.895,4.928,33458598.0,,1.4618077002264807,
2026-08-10,513310,中韩半导体ETF华泰柏瑞,SH,ETF,4.928,4.968,4.87,4.899,19464274.0,,-0.5884740259740284,
2026-08-11,513310,中韩半导体ETF华泰柏瑞,SH,ETF,4.93,4.96,4.868,4.879,16775019.0,,-0.4082465809348901,
2026-08-12,513310,中韩半导体ETF华泰柏瑞,SH,ETF,5.0,5.02,4.918,4.962,19697363.0,,1.701168272186937,
2026-08-13,513310,中韩半导体ETF华泰柏瑞,SH,ETF,5.101,5.11,4.953,4.968,16501305.0,,0.12091898428052694,
2026-08-14,513310,中韩半导体ETF华泰柏瑞,SH,ETF,4.983,4.999,4.928,4.968,16244121.0,,0.0,
2026-08-17,513310,中韩半导体ETF华泰柏瑞,SH,ETF,5.011,5.183,4.996,5.18,23427328.0,,4.267310789049916,
2026-08-18,513310,中韩半导体ETF华泰柏瑞,SH,ETF,5.15,5.152,5.044,5.054,19782156.0,,-2.4324324324324187,
2026-08-19,513310,中韩半导体ETF华泰柏瑞,SH,ETF,4.772,4.825,4.669,4.713,19403028.0,,-6.74713098535814,
2026-08-20,513310,中韩半导体ETF华泰柏瑞,SH,ETF,4.839,4.85,4.747,4.783,14485526.0,,1.485253553999577,
2026-08-21,513310,中韩半导体ETF华泰柏瑞,SH,ETF,4.805,4.955,4.779,4.85,27930352.0,,1.4007944804515837,
2025-06-30,518880,黄金ETF华安,SH,ETF,7.3,7.321,7.274,7.314,3366574.0,,-0.16380016380015405,
2025-07-01,518880,黄金ETF华安,SH,ETF,7.359,7.4,7.346,7.397,3478679.0,,1.1348099535138045,
2025-07-02,518880,黄金ETF华安,SH,ETF,7.395,7.418,7.384,7.394,2916548.0,,-0.04055698256050233,
2025-07-03,518880,黄金ETF华安,SH,ETF,7.407,7.453,7.407,7.445,2959903.0,,0.689748444684879,
2025-07-04,518880,黄金ETF华安,SH,ETF,7.4,7.413,7.376,7.407,2572291.0,,-0.5104096709200867,
2025-07-07,518880,黄金ETF华安,SH,ETF,7.348,7.367,7.344,7.355,2817844.0,,-0.7020386121236566,
2025-07-08,518880,黄金ETF华安,SH,ETF,7.397,7.406,7.389,7.398,2178996.0,,0.5846363018354728,
2025-07-09,518880,黄金ETF华安,SH,ETF,7.347,7.348,7.304,7.314,4255341.0,,-1.135442011354415,
2025-07-10,518880,黄金ETF华安,SH,ETF,7.371,7.38,7.358,7.371,3020038.0,,0.7793273174733439,
2025-07-11,518880,黄金ETF华安,SH,ETF,7.375,7.392,7.372,7.376,2616554.0,,0.0678334011667392,
2025-07-14,518880,黄金ETF华安,SH,ETF,7.426,7.445,7.413,7.44,2671885.0,,0.8676789587852562,
2025-07-15,518880,黄金ETF华安,SH,ETF,7.41,7.445,7.401,7.436,2689311.0,,-0.05376344086022167,
2025-07-16,518880,黄金ETF华安,SH,ETF,7.394,7.407,7.378,7.402,2390714.0,,-0.4572350726196883,
2025-07-17,518880,黄金ETF华安,SH,ETF,7.403,7.411,7.386,7.397,2083170.0,,-0.06754931099702821,
2025-07-18,518880,黄金ETF华安,SH,ETF,7.394,7.407,7.391,7.403,1840285.0,,0.08111396512098246,
2025-07-21,518880,黄金ETF华安,SH,ETF,7.43,7.454,7.42,7.446,3004574.0,,0.5808456031338727,
2025-07-22,518880,黄金ETF华安,SH,ETF,7.483,7.489,7.47,7.474,3620034.0,,0.37604082728983634,
2025-07-23,518880,黄金ETF华安,SH,ETF,7.54,7.549,7.525,7.548,3141072.0,,0.990099009900991,
2025-07-24,518880,黄金ETF华安,SH,ETF,7.459,7.461,7.415,7.424,4405109.0,,-1.6428192898781058,
2025-07-25,518880,黄金ETF华安,SH,ETF,7.415,7.421,7.399,7.409,2547627.0,,-0.20204741379311608,
2025-07-28,518880,黄金ETF华安,SH,ETF,7.382,7.398,7.367,7.388,2841433.0,,-0.28343906060196433,
2025-07-29,518880,黄金ETF华安,SH,ETF,7.35,7.366,7.345,7.363,2631616.0,,-0.33838657282078133,
2025-07-30,518880,黄金ETF华安,SH,ETF,7.387,7.389,7.367,7.377,2817736.0,,0.19013988863234577,
2025-07-31,518880,黄金ETF华安,SH,ETF,7.329,7.356,7.315,7.35,3041657.0,,-0.3660024400162665,
2025-08-01,518880,黄金ETF华安,SH,ETF,7.343,7.366,7.331,7.352,1923996.0,,0.027210884353756626,
2025-08-04,518880,黄金ETF华安,SH,ETF,7.432,7.447,7.432,7.446,4261136.0,,1.2785636561479796,
2025-08-05,518880,黄金ETF华安,SH,ETF,7.481,7.486,7.454,7.455,3224587.0,,0.1208702659145855,
2025-08-06,518880,黄金ETF华安,SH,ETF,7.472,7.482,7.46,7.468,2661820.0,,0.1743796109993312,
2025-08-07,518880,黄金ETF华安,SH,ETF,7.471,7.488,7.459,7.484,3136422.0,,0.2142474558114671,
2025-08-08,518880,黄金ETF华安,SH,ETF,7.488,7.513,7.488,7.508,3380603.0,,0.3206841261357507,
2025-08-11,518880,黄金ETF华安,SH,ETF,7.452,7.46,7.423,7.429,3596888.0,,-1.052210974960044,
2025-08-12,518880,黄金ETF华安,SH,ETF,7.412,7.416,7.393,7.399,2814917.0,,-0.4038228563736701,
2025-08-13,518880,黄金ETF华安,SH,ETF,7.395,7.416,7.394,7.415,2306006.0,,0.2162454385727708,
2025-08-14,518880,黄金ETF华安,SH,ETF,7.431,7.438,7.413,7.424,2287805.0,,0.12137559002023401,
2025-08-15,518880,黄金ETF华安,SH,ETF,7.384,7.41,7.381,7.401,2080440.0,,-0.30980603448276245,
2025-08-18,518880,黄金ETF华安,SH,ETF,7.398,7.43,7.393,7.413,2281711.0,,0.16214025131739973,
2025-08-19,518880,黄金ETF华安,SH,ETF,7.386,7.4,7.386,7.391,1826993.0,,-0.2967759341697018,
2025-08-20,518880,黄金ETF华安,SH,ETF,7.362,7.377,7.35,7.374,2049639.0,,-0.23000947097822078,
2025-08-21,518880,黄金ETF华安,SH,ETF,7.403,7.408,7.387,7.394,2232927.0,,0.2712232167073614,
2025-08-22,518880,黄金ETF华安,SH,ETF,7.395,7.4,7.373,7.378,1949287.0,,-0.21639166892074568,
2025-08-25,518880,黄金ETF华安,SH,ETF,7.419,7.43,7.417,7.427,2885724.0,,0.6641366223908873,
2025-08-26,518880,黄金ETF华安,SH,ETF,7.437,7.45,7.437,7.449,2935326.0,,0.29621650733808735,
2025-08-27,518880,黄金ETF华安,SH,ETF,7.461,7.461,7.444,7.45,2359129.0,,0.013424620754465266,
2025-08-28,518880,黄金ETF华安,SH,ETF,7.462,7.47,7.459,7.468,2231073.0,,0.2416107382550381,
2025-08-29,518880,黄金ETF华安,SH,ETF,7.48,7.488,7.478,7.486,2177647.0,,0.24102838778790048,
2025-09-01,518880,黄金ETF华安,SH,ETF,7.546,7.658,7.542,7.647,8445148.0,,2.150681271707189,
2025-09-02,518880,黄金ETF华安,SH,ETF,7.75,7.75,7.663,7.67,6506048.0,,0.30077154439649423,
2025-09-03,518880,黄金ETF华安,SH,ETF,7.76,7.787,7.746,7.768,5354584.0,,1.277705345501956,
2025-09-04,518880,黄金ETF华安,SH,ETF,7.795,7.795,7.694,7.75,5618614.0,,-0.23171987641605885,
2025-09-05,518880,黄金ETF华安,SH,ETF,7.773,7.782,7.755,7.775,3441495.0,,0.3225806451612856,
2025-09-08,518880,黄金ETF华安,SH,ETF,7.811,7.848,7.808,7.847,4139098.0,,0.9260450160771816,
2025-09-09,518880,黄金ETF华安,SH,ETF,7.934,7.987,7.928,7.966,6959081.0,,1.5165031222122982,
2025-09-10,518880,黄金ETF华安,SH,ETF,7.906,7.953,7.898,7.947,3986089.0,,-0.23851368315340737,
2025-09-11,518880,黄金ETF华安,SH,ETF,7.963,7.968,7.901,7.923,4109334.0,,-0.3020007550018855,
2025-09-12,518880,黄金ETF华安,SH,ETF,7.932,7.966,7.932,7.954,3287668.0,,0.39126593462071035,
2025-09-15,518880,黄金ETF华安,SH,ETF,7.908,7.947,7.907,7.931,2852905.0,,-0.2891626854412799,
2025-09-16,518880,黄金ETF华安,SH,ETF,8.007,8.034,7.988,8.032,3394976.0,,1.273483797755648,
2025-09-17,518880,黄金ETF华安,SH,ETF,8.01,8.01,7.955,7.964,4282964.0,,-0.8466135458167323,
2025-09-18,518880,黄金ETF华安,SH,ETF,7.901,7.949,7.859,7.862,5565626.0,,-1.2807634354595754,
2025-09-19,518880,黄金ETF华安,SH,ETF,7.901,7.917,7.869,7.898,3237996.0,,0.4578987534978429,
2025-09-22,518880,黄金ETF华安,SH,ETF,8.005,8.058,7.984,8.048,4532519.0,,1.8992149911370104,
2025-09-23,518880,黄金ETF华安,SH,ETF,8.125,8.149,8.105,8.143,5115504.0,,1.1804174950298396,
2025-09-24,518880,黄金ETF华安,SH,ETF,8.141,8.204,8.123,8.19,4399011.0,,0.5771828564411052,
2025-09-25,518880,黄金ETF华安,SH,ETF,8.16,8.164,8.116,8.146,4441117.0,,-0.5372405372405242,
2025-09-26,518880,黄金ETF华安,SH,ETF,8.15,8.183,8.147,8.16,3845481.0,,0.1718634912840633,
2025-09-29,518880,黄金ETF华安,SH,ETF,8.177,8.268,8.174,8.259,5329507.0,,1.2132352941176539,
2025-09-30,518880,黄金ETF华安,SH,ETF,8.324,8.388,8.324,8.339,6669569.0,,0.9686402712192788,
2025-10-09,518880,黄金ETF华安,SH,ETF,8.724,8.779,8.69,8.729,8014425.0,,4.676819762561446,
2025-10-10,518880,黄金ETF华安,SH,ETF,8.637,8.651,8.586,8.602,6414709.0,,-1.4549203803413735,
2025-10-13,518880,黄金ETF华安,SH,ETF,8.77,8.868,8.77,8.859,7739480.0,,2.9876772843524746,
2025-10-14,518880,黄金ETF华安,SH,ETF,9.1,9.377,8.878,8.976,16679605.0,,1.32069082289199,
2025-10-15,518880,黄金ETF华安,SH,ETF,9.143,9.19,9.09,9.187,9193141.0,,2.350713012477712,
2025-10-16,518880,黄金ETF华安,SH,ETF,9.23,9.288,9.198,9.244,10409159.0,,0.6204419288124541,
2025-10-17,518880,黄金ETF华安,SH,ETF,9.497,9.587,9.361,9.568,15863426.0,,3.5049762007788754,
2025-10-20,518880,黄金ETF华安,SH,ETF,9.308,9.367,9.25,9.268,12056985.0,,-3.1354515050167064,
2025-10-21,518880,黄金ETF华安,SH,ETF,9.526,9.526,9.425,9.49,9995218.0,,2.3953388001726417,
2025-10-22,518880,黄金ETF华安,SH,ETF,8.986,9.106,8.95,9.101,14076692.0,,-4.099051633298201,
2025-10-23,518880,黄金ETF华安,SH,ETF,8.98,9.052,8.92,8.994,9320665.0,,-1.1756949785737936,
2025-10-24,518880,黄金ETF华安,SH,ETF,9.048,9.053,8.933,8.95,7400821.0,,-0.4892150322437283,
2025-10-27,518880,黄金ETF华安,SH,ETF,8.948,8.949,8.897,8.914,6754375.0,,-0.4022346368715013,
2025-10-28,518880,黄金ETF华安,SH,ETF,8.79,8.79,8.591,8.597,10854757.0,,-3.556203724478346,
2025-10-29,518880,黄金ETF华安,SH,ETF,8.68,8.699,8.622,8.692,7999574.0,,1.105036640688617,
2025-10-30,518880,黄金ETF华安,SH,ETF,8.635,8.706,8.559,8.704,10255273.0,,0.13805798435342354,
2025-10-31,518880,黄金ETF华安,SH,ETF,8.81,8.822,8.748,8.794,7719496.0,,1.0340073529411686,
2025-11-03,518880,黄金ETF华安,SH,ETF,8.743,8.801,8.737,8.797,4658113.0,,0.03411416875143125,
2025-11-04,518880,黄金ETF华安,SH,ETF,8.745,8.756,8.705,8.737,5311229.0,,-0.682050699101977,
2025-11-05,518880,黄金ETF华安,SH,ETF,8.654,8.732,8.641,8.706,4760923.0,,-0.3548128648277471,
2025-11-06,518880,黄金ETF华安,SH,ETF,8.718,8.757,8.706,8.755,4094436.0,,0.5628302320239031,
2025-11-07,518880,黄金ETF华安,SH,ETF,8.769,8.798,8.755,8.793,4272647.0,,0.43403769274699133,
2025-11-10,518880,黄金ETF华安,SH,ETF,8.869,8.949,8.856,8.936,7585075.0,,1.6262936426703067,
2025-11-11,518880,黄金ETF华安,SH,ETF,9.138,9.138,9.049,9.062,8281066.0,,1.410026857654434,
2025-11-12,518880,黄金ETF华安,SH,ETF,9.058,9.068,8.984,9.029,6587184.0,,-0.3641580225115848,
2025-11-13,518880,黄金ETF华安,SH,ETF,9.157,9.184,9.134,9.175,6514008.0,,1.6170118507033093,
2025-11-14,518880,黄金ETF华安,SH,ETF,9.099,9.18,9.09,9.096,7161875.0,,-0.8610354223433259,
2025-11-17,518880,黄金ETF华安,SH,ETF,8.922,8.969,8.842,8.882,8126694.0,,-2.3526824978012395,
2025-11-18,518880,黄金ETF华安,SH,ETF,8.837,8.837,8.77,8.777,5836813.0,,-1.1821661787885684,
2025-11-19,518880,黄金ETF华安,SH,ETF,8.89,8.968,8.873,8.954,6041360.0,,2.016634385325289,
2025-11-20,518880,黄金ETF华安,SH,ETF,8.959,8.969,8.865,8.903,6337762.0,,-0.5695778423051134,
2025-11-21,518880,黄金ETF华安,SH,ETF,8.888,8.921,8.824,8.828,6842940.0,,-0.8424126698865719,
2025-11-24,518880,黄金ETF华安,SH,ETF,8.858,8.865,8.829,8.857,4681449.0,,0.3285002265518866,
2025-11-25,518880,黄金ETF华安,SH,ETF,8.99,9.039,8.99,9.01,6423143.0,,1.7274472168905985,
2025-11-26,518880,黄金ETF华安,SH,ETF,9.015,9.048,9.003,9.011,5090521.0,,0.011098779134299797,
2025-11-27,518880,黄金ETF华安,SH,ETF,9.003,9.017,8.986,9.01,3807153.0,,-0.011097547442007194,
2025-11-28,518880,黄金ETF华安,SH,ETF,9.084,9.09,9.051,9.067,3972928.0,,0.632630410654822,
2025-12-01,518880,黄金ETF华安,SH,ETF,9.146,9.204,9.128,9.161,7318584.0,,1.036726590934145,
2025-12-02,518880,黄金ETF华安,SH,ETF,9.118,9.145,9.088,9.112,4475178.0,,-0.5348761052286766,
2025-12-03,518880,黄金ETF华安,SH,ETF,9.118,9.143,9.084,9.096,4607233.0,,-0.17559262510974394,
2025-12-04,518880,黄金ETF华安,SH,ETF,9.107,9.125,9.035,9.064,5584621.0,,-0.3518029903254227,
2025-12-05,518880,黄金ETF华安,SH,ETF,9.094,9.148,9.084,9.136,4159658.0,,0.7943512797881747,
2025-12-08,518880,黄金ETF华安,SH,ETF,9.107,9.119,9.078,9.11,4317056.0,,-0.2845884413309907,
2025-12-09,518880,黄金ETF华安,SH,ETF,9.075,9.082,9.026,9.046,4772816.0,,-0.7025246981339217,
2025-12-10,518880,黄金ETF华安,SH,ETF,9.114,9.118,9.081,9.095,3418584.0,,0.5416758788414855,
2025-12-11,518880,黄金ETF华安,SH,ETF,9.157,9.165,9.095,9.11,4666350.0,,0.16492578339746267,
2025-12-12,518880,黄金ETF华安,SH,ETF,9.201,9.23,9.191,9.227,4766188.0,,1.284302963776085,
2025-12-15,518880,黄金ETF华安,SH,ETF,9.298,9.36,9.297,9.351,5679028.0,,1.3438820851847888,
2025-12-16,518880,黄金ETF华安,SH,ETF,9.272,9.296,9.199,9.24,5196267.0,,-1.1870388193776171,
2025-12-17,518880,黄金ETF华安,SH,ETF,9.283,9.345,9.283,9.31,4520836.0,,0.7575757575757569,
2025-12-18,518880,黄金ETF华安,SH,ETF,9.311,9.327,9.302,9.318,3178056.0,,0.08592910848548296,
2025-12-19,518880,黄金ETF华安,SH,ETF,9.29,9.321,9.273,9.313,3703003.0,,-0.05365958360161738,
2025-12-22,518880,黄金ETF华安,SH,ETF,9.38,9.514,9.38,9.511,6918754.0,,2.1260603457532223,
2025-12-23,518880,黄金ETF华安,SH,ETF,9.63,9.689,9.608,9.639,9022814.0,,1.3458101146041512,
2025-12-24,518880,黄金ETF华安,SH,ETF,9.719,9.722,9.613,9.642,7384369.0,,0.03112356053531773,
2025-12-25,518880,黄金ETF华安,SH,ETF,9.571,9.58,9.539,9.566,4311576.0,,-0.7882182119892001,
2025-12-26,518880,黄金ETF华安,SH,ETF,9.67,9.68,9.618,9.65,4898253.0,,0.8781099728204067,
2025-12-29,518880,黄金ETF华安,SH,ETF,9.64,9.667,9.55,9.563,7144967.0,,-0.9015544041450774,
2025-12-30,518880,黄金ETF华安,SH,ETF,9.272,9.402,9.272,9.363,8615558.0,,-2.0913939140437265,
2025-12-31,518880,黄金ETF华安,SH,ETF,9.359,9.392,9.196,9.301,8873154.0,,-0.6621809249172217,
2026-01-05,518880,黄金ETF华安,SH,ETF,9.421,9.499,9.421,9.495,6832710.0,,2.085797226104713,
2026-01-06,518880,黄金ETF华安,SH,ETF,9.536,9.606,9.528,9.577,5313457.0,,0.8636124275934742,
2026-01-07,518880,黄金ETF华安,SH,ETF,9.6,9.601,9.511,9.518,6163985.0,,-0.6160593087605637,
2026-01-08,518880,黄金ETF华安,SH,ETF,9.555,9.559,9.474,9.511,4838350.0,,-0.0735448623660595,
2026-01-09,518880,黄金ETF华安,SH,ETF,9.544,9.596,9.544,9.592,3791904.0,,0.8516454631479542,
2026-01-12,518880,黄金ETF华安,SH,ETF,9.779,9.791,9.736,9.777,4935017.0,,1.9286905754795525,
2026-01-13,518880,黄金ETF华安,SH,ETF,9.79,9.825,9.771,9.793,3982367.0,,0.16364938120077,
2026-01-14,518880,黄金ETF华安,SH,ETF,9.871,9.925,9.869,9.922,4369521.0,,1.3172674359236414,
2026-01-15,518880,黄金ETF华安,SH,ETF,9.861,9.883,9.82,9.867,5542922.0,,-0.5543237250554278,
2026-01-16,518880,黄金ETF华安,SH,ETF,9.851,9.874,9.828,9.857,3278431.0,,-0.10134792743490273,
2026-01-19,518880,黄金ETF华安,SH,ETF,9.962,10.009,9.96,10.006,4806212.0,,1.511616110378422,
2026-01-20,518880,黄金ETF华安,SH,ETF,10.005,10.095,9.983,10.082,5338067.0,,0.7595442734359414,
2026-01-21,518880,黄金ETF华安,SH,ETF,10.365,10.501,10.322,10.377,9845096.0,,2.926006744693521,
2026-01-22,518880,黄金ETF华安,SH,ETF,10.29,10.343,10.23,10.341,7196858.0,,-0.346921075455342,
2026-01-23,518880,黄金ETF华安,SH,ETF,10.618,10.643,10.585,10.617,7298895.0,,2.668987525384403,
2026-01-26,518880,黄金ETF华安,SH,ETF,10.886,10.955,10.848,10.924,9604745.0,,2.891588961100111,
2026-01-27,518880,黄金ETF华安,SH,ETF,10.883,10.946,10.848,10.934,7711073.0,,0.09154155986816903,
2026-01-28,518880,黄金ETF华安,SH,ETF,11.11,11.288,11.109,11.28,10662010.0,,3.1644411926102123,
2026-01-29,518880,黄金ETF华安,SH,ETF,11.918,11.977,11.796,11.904,14971079.0,,5.531914893617018,
2026-01-30,518880,黄金ETF华安,SH,ETF,11.471,11.533,10.8,11.009,23016097.0,,-7.5184811827957,
2026-02-02,518880,黄金ETF华安,SH,ETF,9.908,10.245,9.908,9.908,18998204.0,,-10.000908347715509,
2026-02-03,518880,黄金ETF华安,SH,ETF,10.355,10.461,10.105,10.422,21009167.0,,5.187727089220839,
2026-02-04,518880,黄金ETF华安,SH,ETF,10.795,10.904,10.738,10.867,14242989.0,,4.269813855306093,
2026-02-05,518880,黄金ETF华安,SH,ETF,10.61,10.695,10.3,10.523,19090455.0,,-3.165547069108321,
2026-02-06,518880,黄金ETF华安,SH,ETF,10.079,10.523,10.05,10.357,18412790.0,,-1.577496911527132,
2026-02-09,518880,黄金ETF华安,SH,ETF,10.72,10.75,10.61,10.719,11612227.0,,3.495220623732753,
2026-02-10,518880,黄金ETF华安,SH,ETF,10.686,10.733,10.661,10.669,7026001.0,,-0.466461423640252,
2026-02-11,518880,黄金ETF华安,SH,ETF,10.704,10.765,10.7,10.758,6818267.0,,0.8341925203861456,
2026-02-12,518880,黄金ETF华安,SH,ETF,10.72,10.752,10.7,10.72,6004794.0,,-0.3532255065997303,
2026-02-13,518880,黄金ETF华安,SH,ETF,10.582,10.617,10.508,10.575,7693923.0,,-1.3526119402985204,
2026-02-24,518880,黄金ETF华安,SH,ETF,10.92,10.998,10.903,10.95,7523137.0,,3.546099290780136,
2026-02-25,518880,黄金ETF华安,SH,ETF,10.953,10.992,10.92,10.959,6074773.0,,0.08219178082191636,
2026-02-26,518880,黄金ETF华安,SH,ETF,10.939,10.944,10.896,10.913,4377670.0,,-0.4197463272196278,
2026-02-27,518880,黄金ETF华安,SH,ETF,10.92,10.95,10.911,10.933,4631264.0,,0.1832676624209606,
2026-03-02,518880,黄金ETF华安,SH,ETF,11.368,11.419,11.214,11.417,11300972.0,,4.426964236714537,
2026-03-03,518880,黄金ETF华安,SH,ETF,11.418,11.418,11.202,11.259,9692849.0,,-1.3839011999649653,
2026-03-04,518880,黄金ETF华安,SH,ETF,11.0,11.085,10.926,10.98,9979812.0,,-2.478017585931258,
2026-03-05,518880,黄金ETF华安,SH,ETF,10.98,11.014,10.889,10.964,6536802.0,,-0.1457194899817882,
2026-03-06,518880,黄金ETF华安,SH,ETF,10.834,10.937,10.831,10.873,4916712.0,,-0.8299890550893974,
2026-03-09,518880,黄金ETF华安,SH,ETF,10.858,10.95,10.793,10.868,8012132.0,,-0.04598546859191366,
2026-03-10,518880,黄金ETF华安,SH,ETF,10.963,10.991,10.943,10.956,4379329.0,,0.8097165991902688,
2026-03-11,518880,黄金ETF华安,SH,ETF,11.026,11.028,10.964,10.974,4754957.0,,0.16429353778752986,
2026-03-12,518880,黄金ETF华安,SH,ETF,10.928,10.956,10.892,10.938,3892379.0,,-0.32804811372334486,
2026-03-13,518880,黄金ETF华安,SH,ETF,10.852,10.88,10.791,10.802,3885245.0,,-1.2433717315779913,
2026-03-16,518880,黄金ETF华安,SH,ETF,10.63,10.7,10.605,10.664,4789247.0,,-1.277541196074805,
2026-03-17,518880,黄金ETF华安,SH,ETF,10.632,10.696,10.63,10.637,3535282.0,,-0.2531882970742583,
2026-03-18,518880,黄金ETF华安,SH,ETF,10.638,10.639,10.57,10.606,3544273.0,,-0.29143555513773123,
2026-03-19,518880,黄金ETF华安,SH,ETF,10.283,10.345,10.08,10.126,8783621.0,,-4.525740147086554,
2026-03-20,518880,黄金ETF华安,SH,ETF,9.9,10.066,9.883,9.896,11917841.0,,-2.271380604384743,
2026-03-23,518880,黄金ETF华安,SH,ETF,9.488,9.5,8.906,8.941,19747659.0,,-9.650363783346805,
2026-03-24,518880,黄金ETF华安,SH,ETF,9.21,9.303,9.105,9.299,14905165.0,,4.004026395257787,
2026-03-25,518880,黄金ETF华安,SH,ETF,9.7,9.772,9.609,9.641,11786322.0,,3.67781481879772,
2026-03-26,518880,黄金ETF华安,SH,ETF,9.628,9.637,9.358,9.45,11076213.0,,-1.9811222902188619,
2026-03-27,518880,黄金ETF华安,SH,ETF,9.358,9.528,9.358,9.494,7487073.0,,0.46560846560848024,
2026-03-30,518880,黄金ETF华安,SH,ETF,9.496,9.696,9.473,9.656,10467459.0,,1.7063408468506402,
2026-03-31,518880,黄金ETF华安,SH,ETF,9.751,9.836,9.697,9.699,9818017.0,,0.44531897265946974,
2026-04-01,518880,黄金ETF华安,SH,ETF,9.95,10.028,9.912,10.024,8356708.0,,3.350860913496234,
2026-04-02,518880,黄金ETF华安,SH,ETF,10.0,10.0,9.641,9.738,13026467.0,,-2.853152434158013,
2026-04-03,518880,黄金ETF华安,SH,ETF,9.914,9.914,9.793,9.828,4242962.0,,0.9242144177449063,
2026-04-07,518880,黄金ETF华安,SH,ETF,9.845,9.867,9.781,9.837,5427848.0,,0.09157509157509125,
2026-04-08,518880,黄金ETF华安,SH,ETF,10.103,10.153,10.057,10.113,9943480.0,,2.805733455321735,
2026-04-09,518880,黄金ETF华安,SH,ETF,9.92,9.95,9.9,9.908,6552527.0,,-2.0270938396123817,
2026-04-10,518880,黄金ETF华安,SH,ETF,9.995,10.03,9.954,9.972,5776953.0,,0.6459426725878181,
2026-04-13,518880,黄金ETF华安,SH,ETF,9.918,9.939,9.9,9.924,4285544.0,,-0.48134777376654947,
2026-04-14,518880,黄金ETF华安,SH,ETF,9.999,10.012,9.968,10.011,4221605.0,,0.8766626360338536,
2026-04-15,518880,黄金ETF华安,SH,ETF,10.127,10.15,10.062,10.064,4897697.0,,0.5294176405953532,
2026-04-16,518880,黄金ETF华安,SH,ETF,10.095,10.111,10.07,10.097,3762437.0,,0.32790143084260315,
2026-04-17,518880,黄金ETF华安,SH,ETF,10.0,10.071,9.99,10.029,3577189.0,,-0.6734673665445112,
2026-04-20,518880,黄金ETF华安,SH,ETF,10.04,10.075,10.013,10.036,3558335.0,,0.06979758699769967,
2026-04-21,518880,黄金ETF华安,SH,ETF,10.07,10.072,10.003,10.01,3239029.0,,-0.2590673575129543,
2026-04-22,518880,黄金ETF华安,SH,ETF,9.968,10.008,9.968,10.004,3642198.0,,-0.05994005994006679,
2026-04-23,518880,黄金ETF华安,SH,ETF,9.935,9.947,9.865,9.9,4267851.0,,-1.0395841663334626,
2026-04-24,518880,黄金ETF华安,SH,ETF,9.885,9.886,9.814,9.826,3141902.0,,-0.7474747474747412,
2026-04-27,518880,黄金ETF华安,SH,ETF,9.859,9.917,9.857,9.897,2554760.0,,0.7225727661306802,
2026-04-28,518880,黄金ETF华安,SH,ETF,9.85,9.854,9.714,9.732,3761043.0,,-1.6671718702637284,
2026-04-29,518880,黄金ETF华安,SH,ETF,9.641,9.68,9.63,9.637,5119968.0,,-0.9761611179613494,
2026-04-30,518880,黄金ETF华安,SH,ETF,9.629,9.679,9.58,9.678,4046630.0,,0.4254436027809616,
2026-05-06,518880,黄金ETF华安,SH,ETF,9.698,9.792,9.698,9.791,3926978.0,,1.167596610870003,
2026-05-07,518880,黄金ETF华安,SH,ETF,9.871,9.933,9.835,9.909,4380057.0,,1.2051884383617706,
2026-05-08,518880,黄金ETF华安,SH,ETF,9.871,9.897,9.853,9.88,3403790.0,,-0.29266323544252515,
2026-05-11,518880,黄金ETF华安,SH,ETF,9.827,9.827,9.714,9.774,4475877.0,,-1.072874493927145,
2026-05-12,518880,黄金ETF华安,SH,ETF,9.9,9.906,9.8,9.806,4059230.0,,0.3273992224268385,
2026-05-13,518880,黄金ETF华安,SH,ETF,9.818,9.834,9.78,9.804,2983074.0,,-0.020395676116646833,
2026-05-14,518880,黄金ETF华安,SH,ETF,9.78,9.802,9.761,9.795,2968824.0,,-0.09179926560587415,
2026-05-15,518880,黄金ETF华安,SH,ETF,9.645,9.659,9.532,9.554,6498777.0,,-2.4604389994895337,
2026-05-18,518880,黄金ETF华安,SH,ETF,9.44,9.534,9.435,9.513,4769785.0,,-0.42913962738120315,
2026-05-19,518880,黄金ETF华安,SH,ETF,9.519,9.554,9.485,9.515,2643764.0,,0.02102386208346907,
2026-05-20,518880,黄金ETF华安,SH,ETF,9.4,9.4,9.332,9.367,5463215.0,,-1.555438780872298,
2026-05-21,518880,黄金ETF华安,SH,ETF,9.53,9.543,9.447,9.45,3377731.0,,0.8860894630084104,
2026-05-22,518880,黄金ETF华安,SH,ETF,9.46,9.474,9.424,9.461,2715697.0,,0.11640211640213671,
2026-05-25,518880,黄金ETF华安,SH,ETF,9.531,9.54,9.49,9.512,2386059.0,,0.5390550681746209,
2026-05-26,518880,黄金ETF华安,SH,ETF,9.481,9.487,9.442,9.454,2208614.0,,-0.6097560975609762,
2026-05-27,518880,黄金ETF华安,SH,ETF,9.419,9.425,9.336,9.345,3246682.0,,-1.152951131796065,
2026-05-28,518880,黄金ETF华安,SH,ETF,9.216,9.218,9.108,9.132,4566208.0,,-2.2792937399679025,
2026-05-29,518880,黄金ETF华安,SH,ETF,9.385,9.4,9.34,9.397,3482352.0,,2.9018834866403997,
2026-06-01,518880,黄金ETF华安,SH,ETF,9.398,9.414,9.343,9.344,2586409.0,,-0.5640097903586327,
2026-06-02,518880,黄金ETF华安,SH,ETF,9.3,9.414,9.266,9.41,3247781.0,,0.7063356164383583,
2026-06-03,518880,黄金ETF华安,SH,ETF,9.28,9.327,9.263,9.281,3254876.0,,-1.3708820403825706,
2026-06-04,518880,黄金ETF华安,SH,ETF,9.301,9.32,9.274,9.29,2821727.0,,0.09697230901841714,
2026-06-05,518880,黄金ETF华安,SH,ETF,9.263,9.275,9.21,9.252,3017553.0,,-0.40904198062431396,
2026-06-08,518880,黄金ETF华安,SH,ETF,9.001,9.024,8.893,8.953,4952979.0,,-3.231733679204507,
2026-06-09,518880,黄金ETF华安,SH,ETF,9.01,9.046,9.004,9.005,2870005.0,,0.5808109013738516,
2026-06-10,518880,黄金ETF华安,SH,ETF,8.74,8.78,8.671,8.736,5609093.0,,-2.9872293170460917,
2026-06-11,518880,黄金ETF华安,SH,ETF,8.561,8.58,8.418,8.506,6491527.0,,-2.6327838827838845,
2026-06-12,518880,黄金ETF华安,SH,ETF,8.67,8.715,8.639,8.659,4367407.0,,1.7987303080178707,
2026-06-15,518880,黄金ETF华安,SH,ETF,8.916,8.988,8.91,8.928,4994175.0,,3.1065942949532355,
2026-06-16,518880,黄金ETF华安,SH,ETF,8.945,8.968,8.92,8.949,2752221.0,,0.23521505376342677,
2026-06-17,518880,黄金ETF华安,SH,ETF,8.978,8.986,8.933,8.957,2634058.0,,0.08939546318025293,
2026-06-18,518880,黄金ETF华安,SH,ETF,8.95,8.964,8.892,8.908,2982682.0,,-0.5470581667969321,
2026-06-22,518880,黄金ETF华安,SH,ETF,8.735,8.742,8.655,8.716,4409718.0,,-2.1553659631791677,
2026-06-23,518880,黄金ETF华安,SH,ETF,8.668,8.674,8.525,8.537,4256305.0,,-2.0536943552087905,
2026-06-24,518880,黄金ETF华安,SH,ETF,8.485,8.53,8.426,8.515,4029970.0,,-0.25770176877123463,
2026-06-25,518880,黄金ETF华安,SH,ETF,8.33,8.33,8.267,8.287,5089866.0,,-2.6776277157956496,
2026-06-26,518880,黄金ETF华安,SH,ETF,8.365,8.393,8.293,8.39,3848075.0,,1.242910582840584,
2026-06-29,518880,黄金ETF华安,SH,ETF,8.445,8.479,8.404,8.449,3398349.0,,0.703218116805715,
2026-06-30,518880,黄金ETF华安,SH,ETF,8.262,8.389,8.224,8.378,4192779.0,,-0.8403361344537785,
2026-07-01,518880,黄金ETF华安,SH,ETF,8.284,8.3,8.253,8.271,3052899.0,,-1.2771544521365419,
2026-07-02,518880,黄金ETF华安,SH,ETF,8.425,8.484,8.397,8.475,5149790.0,,2.466449038810281,
2026-07-03,518880,黄金ETF华安,SH,ETF,8.706,8.726,8.636,8.672,4676685.0,,2.324483775811226,
2026-07-06,518880,黄金ETF华安,SH,ETF,8.696,8.738,8.62,8.631,3162708.0,,-0.4727859778597798,
2026-07-07,518880,黄金ETF华安,SH,ETF,8.59,8.62,8.564,8.597,2238577.0,,-0.393928861082149,
2026-07-08,518880,黄金ETF华安,SH,ETF,8.543,8.605,8.53,8.589,2410682.0,,-0.09305571711061278,
2026-07-09,518880,黄金ETF华安,SH,ETF,8.495,8.55,8.446,8.544,2454207.0,,-0.5239259517988093,
2026-07-10,518880,黄金ETF华安,SH,ETF,8.551,8.587,8.538,8.541,2282915.0,,-0.0351123595505598,
2026-07-13,518880,黄金ETF华安,SH,ETF,8.47,8.497,8.413,8.419,3020485.0,,-1.4284041681301929,
2026-07-14,518880,黄金ETF华安,SH,ETF,8.302,8.389,8.302,8.373,2362128.0,,-0.5463831809003561,
2026-07-15,518880,黄金ETF华安,SH,ETF,8.415,8.42,8.347,8.369,2283310.0,,-0.047772602412510246,
2026-07-16,518880,黄金ETF华安,SH,ETF,8.375,8.395,8.349,8.363,1800219.0,,-0.0716931533038645,
2026-07-17,518880,黄金ETF华安,SH,ETF,8.291,8.326,8.256,8.311,2844769.0,,-0.6217864402726203,
2026-07-20,518880,黄金ETF华安,SH,ETF,8.311,8.362,8.3,8.318,2007208.0,,0.08422572494284353,
2026-07-21,518880,黄金ETF华安,SH,ETF,8.352,8.477,8.345,8.468,3211973.0,,1.8033181053137781,
2026-07-22,518880,黄金ETF华安,SH,ETF,8.555,8.614,8.546,8.56,6494273.0,,1.0864430798299463,
2026-07-23,518880,黄金ETF华安,SH,ETF,8.604,8.61,8.541,8.56,3712662.0,,0.0,
2026-07-24,518880,黄金ETF华安,SH,ETF,8.4,8.42,8.36,8.385,3696369.0,,-2.044392523364491,
2026-07-27,518880,黄金ETF华安,SH,ETF,8.503,8.527,8.476,8.502,2567335.0,,1.3953488372093092,
2026-07-28,518880,黄金ETF华安,SH,ETF,8.391,8.406,8.372,8.4,2137057.0,,-1.199717713479187,
2026-07-29,518880,黄金ETF华安,SH,ETF,8.34,8.399,8.34,8.392,2715564.0,,-0.09523809523810378,
2026-07-30,518880,黄金ETF华安,SH,ETF,8.463,8.484,8.35,8.36,4033315.0,,-0.38131553860819567,
2026-07-31,518880,黄金ETF华安,SH,ETF,8.46,8.464,8.42,8.433,2983895.0,,0.8732057416267924,
2026-08-03,518880,黄金ETF华安,SH,ETF,8.4,8.43,8.383,8.417,3223144.0,,-0.18973081939998027,
2026-08-04,518880,黄金ETF华安,SH,ETF,8.394,8.425,8.391,8.408,2442897.0,,-0.106926458358092,
2026-08-05,518880,黄金ETF华安,SH,ETF,8.459,8.644,8.442,8.64,7474522.0,,2.7592768791627087,
2026-08-06,518880,黄金ETF华安,SH,ETF,8.88,8.905,8.783,8.795,8200628.0,,1.7939814814814659,
2026-08-07,518880,黄金ETF华安,SH,ETF,8.775,8.892,8.774,8.892,6963895.0,,1.1028993746446725,
2026-08-10,518880,黄金ETF华安,SH,ETF,8.94,9.005,8.908,9.005,6699550.0,,1.270805218173665,
2026-08-11,518880,黄金ETF华安,SH,ETF,9.13,9.163,9.001,9.009,9266083.0,,0.04441976679621096,
2026-08-12,518880,黄金ETF华安,SH,ETF,9.07,9.121,9.051,9.103,5861954.0,,1.0434010434010377,
2026-08-13,518880,黄金ETF华安,SH,ETF,9.126,9.144,9.016,9.042,5373857.0,,-0.6701087553553808,
2026-08-14,518880,黄金ETF华安,SH,ETF,8.906,8.949,8.891,8.946,5250784.0,,-1.0617120106171218,
2026-08-17,518880,黄金ETF华安,SH,ETF,9.09,9.095,9.048,9.068,4450546.0,,1.3637379834562813,
2026-08-18,518880,黄金ETF华安,SH,ETF,9.111,9.126,9.047,9.078,3597531.0,,0.11027790030877505,
2026-08-19,518880,黄金ETF华安,SH,ETF,8.957,9.011,8.949,8.974,4002566.0,,-1.1456267900418537,
2026-08-20,518880,黄金ETF华安,SH,ETF,9.251,9.253,9.2,9.234,5522733.0,,2.897258747492759,
2026-08-21,518880,黄金ETF华安,SH,ETF,9.301,9.391,9.295,9.388,8229367.0,,1.667749620965986,
2025-06-30,563360,A500ETF华泰,SH,ETF,1.02,1.027,1.019,1.027,35279414.0,,0.8840864440078589,
2025-07-01,563360,A500ETF华泰,SH,ETF,1.024,1.027,1.02,1.025,41457831.0,,-0.19474196689386325,
2025-07-02,563360,A500ETF华泰,SH,ETF,1.025,1.027,1.021,1.025,30179729.0,,0.0,
2025-07-03,563360,A500ETF华泰,SH,ETF,1.025,1.032,1.023,1.031,18501701.0,,0.5853658536585371,
2025-07-04,563360,A500ETF华泰,SH,ETF,1.03,1.041,1.027,1.033,32754652.0,,0.19398642095054264,
2025-07-07,563360,A500ETF华泰,SH,ETF,1.032,1.032,1.025,1.026,20450963.0,,-0.6776379477250627,
2025-07-08,563360,A500ETF华泰,SH,ETF,1.026,1.039,1.026,1.038,32592402.0,,1.1695906432748648,
2025-07-09,563360,A500ETF华泰,SH,ETF,1.035,1.043,1.034,1.035,32259036.0,,-0.28901734104047616,
2025-07-10,563360,A500ETF华泰,SH,ETF,1.035,1.046,1.035,1.041,28915339.0,,0.5797101449275477,
2025-07-11,563360,A500ETF华泰,SH,ETF,1.04,1.056,1.04,1.044,34146284.0,,0.2881844380403509,
2025-07-14,563360,A500ETF华泰,SH,ETF,1.044,1.048,1.044,1.044,31822998.0,,0.0,
2025-07-15,563360,A500ETF华泰,SH,ETF,1.045,1.051,1.039,1.045,28486396.0,,0.09578544061301653,
2025-07-16,563360,A500ETF华泰,SH,ETF,1.046,1.051,1.041,1.044,23707260.0,,-0.0956937799042934,
2025-07-17,563360,A500ETF华泰,SH,ETF,1.044,1.056,1.044,1.055,22542129.0,,1.0536398467432928,
2025-07-18,563360,A500ETF华泰,SH,ETF,1.055,1.063,1.055,1.062,24400174.0,,0.6635071090047573,
2025-07-21,563360,A500ETF华泰,SH,ETF,1.063,1.07,1.062,1.069,22414258.0,,0.6591337099811634,
2025-07-22,563360,A500ETF华泰,SH,ETF,1.069,1.081,1.065,1.08,27860748.0,,1.028999064546321,
2025-07-23,563360,A500ETF华泰,SH,ETF,1.081,1.088,1.076,1.079,31256224.0,,-0.09259259259259967,
2025-07-24,563360,A500ETF华泰,SH,ETF,1.08,1.087,1.076,1.087,32052704.0,,0.7414272474513428,
2025-07-25,563360,A500ETF华泰,SH,ETF,1.087,1.087,1.08,1.082,30805268.0,,-0.4599816007359592,
2025-07-28,563360,A500ETF华泰,SH,ETF,1.083,1.089,1.078,1.088,26307842.0,,0.5545286506469571,
2025-07-29,563360,A500ETF华泰,SH,ETF,1.087,1.094,1.081,1.094,32029657.0,,0.5514705882353033,
2025-07-30,563360,A500ETF华泰,SH,ETF,1.093,1.1,1.083,1.09,35128921.0,,-0.3656307129798919,
2025-07-31,563360,A500ETF华泰,SH,ETF,1.09,1.09,1.068,1.072,35349647.0,,-1.6513761467889965,
2025-08-01,563360,A500ETF华泰,SH,ETF,1.067,1.073,1.061,1.066,33471905.0,,-0.5597014925373123,
2025-08-04,563360,A500ETF华泰,SH,ETF,1.062,1.072,1.06,1.071,35673419.0,,0.46904315196996116,
2025-08-05,563360,A500ETF华泰,SH,ETF,1.072,1.079,1.071,1.078,36876899.0,,0.65359477124185,
2025-08-06,563360,A500ETF华泰,SH,ETF,1.078,1.084,1.077,1.083,34659066.0,,0.4638218923933124,
2025-08-07,563360,A500ETF华泰,SH,ETF,1.082,1.086,1.075,1.082,34918745.0,,-0.09233610341642384,
2025-08-08,563360,A500ETF华泰,SH,ETF,1.081,1.085,1.077,1.08,34123259.0,,-0.1848428835489857,
2025-08-11,563360,A500ETF华泰,SH,ETF,1.08,1.091,1.08,1.087,36177736.0,,0.648148148148131,
2025-08-12,563360,A500ETF华泰,SH,ETF,1.087,1.095,1.085,1.092,38978415.0,,0.4599816007359703,
2025-08-13,563360,A500ETF华泰,SH,ETF,1.093,1.105,1.093,1.103,39970791.0,,1.0073260073260037,
2025-08-14,563360,A500ETF华泰,SH,ETF,1.104,1.112,1.097,1.098,40467024.0,,-0.453309156844961,
2025-08-15,563360,A500ETF华泰,SH,ETF,1.097,1.113,1.095,1.112,42722151.0,,1.2750455373406133,
2025-08-18,563360,A500ETF华泰,SH,ETF,1.113,1.13,1.109,1.122,43510833.0,,0.8992805755395628,
2025-08-19,563360,A500ETF华泰,SH,ETF,1.122,1.127,1.114,1.115,40368722.0,,-0.623885918003575,
2025-08-20,563360,A500ETF华泰,SH,ETF,1.112,1.131,1.106,1.131,41110637.0,,1.4349775784753271,
2025-08-21,563360,A500ETF华泰,SH,ETF,1.133,1.139,1.128,1.133,44818035.0,,0.17683465959328348,
2025-08-22,563360,A500ETF华泰,SH,ETF,1.134,1.159,1.133,1.159,44191321.0,,2.294792586054717,
2025-08-25,563360,A500ETF华泰,SH,ETF,1.169,1.185,1.164,1.184,36453118.0,,2.157031924072461,
2025-08-26,563360,A500ETF华泰,SH,ETF,1.183,1.188,1.175,1.18,40346986.0,,-0.33783783783783994,
2025-08-27,563360,A500ETF华泰,SH,ETF,1.179,1.195,1.16,1.164,39497969.0,,-1.3559322033898313,
2025-08-28,563360,A500ETF华泰,SH,ETF,1.164,1.187,1.157,1.187,38348583.0,,1.9759450171821458,
2025-08-29,563360,A500ETF华泰,SH,ETF,1.187,1.203,1.184,1.198,31545496.0,,0.9267059814658696,
2025-09-01,563360,A500ETF华泰,SH,ETF,1.204,1.208,1.194,1.205,30832299.0,,0.5843071786310716,
2025-09-02,563360,A500ETF华泰,SH,ETF,1.204,1.211,1.183,1.193,30777019.0,,-0.9958506224066355,
2025-09-03,563360,A500ETF华泰,SH,ETF,1.194,1.198,1.176,1.183,28573265.0,,-0.83822296730931,
2025-09-04,563360,A500ETF华泰,SH,ETF,1.183,1.187,1.145,1.158,25747576.0,,-2.1132713440405904,
2025-09-05,563360,A500ETF华泰,SH,ETF,1.152,1.191,1.15,1.188,29321391.0,,2.590673575129543,
2025-09-08,563360,A500ETF华泰,SH,ETF,1.189,1.195,1.182,1.191,29837558.0,,0.2525252525252597,
2025-09-09,563360,A500ETF华泰,SH,ETF,1.188,1.194,1.177,1.184,32071431.0,,-0.5877413937867448,
2025-09-10,563360,A500ETF华泰,SH,ETF,1.179,1.192,1.176,1.185,31646157.0,,0.08445945945947386,
2025-09-11,563360,A500ETF华泰,SH,ETF,1.182,1.219,1.179,1.218,35383017.0,,2.784810126582271,
2025-09-12,563360,A500ETF华泰,SH,ETF,1.214,1.22,1.209,1.211,30554414.0,,-0.5747126436781547,
2025-09-15,563360,A500ETF华泰,SH,ETF,1.21,1.222,1.21,1.214,32564387.0,,0.24772914946324942,
2025-09-16,563360,A500ETF华泰,SH,ETF,1.215,1.22,1.202,1.213,31600933.0,,-0.08237232289949326,
2025-09-17,563360,A500ETF华泰,SH,ETF,1.214,1.226,1.209,1.225,29452139.0,,0.9892827699917506,
2025-09-18,563360,A500ETF华泰,SH,ETF,1.224,1.232,1.199,1.211,30557861.0,,-1.1428571428571455,
2025-09-19,563360,A500ETF华泰,SH,ETF,1.212,1.22,1.207,1.211,32153886.0,,0.0,
2025-09-22,563360,A500ETF华泰,SH,ETF,1.213,1.216,1.204,1.216,27659491.0,,0.41288191577208977,
2025-09-23,563360,A500ETF华泰,SH,ETF,1.217,1.224,1.195,1.215,30572416.0,,-0.08223684210525439,
2025-09-24,563360,A500ETF华泰,SH,ETF,1.21,1.231,1.208,1.23,26474825.0,,1.2345679012345512,
2025-09-25,563360,A500ETF华泰,SH,ETF,1.23,1.246,1.229,1.239,30692823.0,,0.7317073170731714,
2025-09-26,563360,A500ETF华泰,SH,ETF,1.238,1.241,1.225,1.227,40638777.0,,-0.9685230024213065,
2025-09-29,563360,A500ETF华泰,SH,ETF,1.228,1.25,1.223,1.244,43413859.0,,1.3854930725346382,
2025-09-30,563360,A500ETF华泰,SH,ETF,1.246,1.254,1.245,1.253,40791310.0,,0.7234726688102766,
2025-10-09,563360,A500ETF华泰,SH,ETF,1.255,1.275,1.255,1.27,38485901.0,,1.3567438148443856,
2025-10-10,563360,A500ETF华泰,SH,ETF,1.267,1.267,1.238,1.242,44253736.0,,-2.2047244094488216,
2025-10-13,563360,A500ETF华泰,SH,ETF,1.218,1.238,1.208,1.235,12504617.0,,-0.5636070853462072,
2025-10-14,563360,A500ETF华泰,SH,ETF,1.245,1.248,1.21,1.216,33252626.0,,-1.538461538461544,
2025-10-15,563360,A500ETF华泰,SH,ETF,1.218,1.234,1.211,1.233,35859033.0,,1.3980263157894912,
2025-10-16,563360,A500ETF华泰,SH,ETF,1.232,1.242,1.226,1.231,35890808.0,,-0.16220600162205612,
2025-10-17,563360,A500ETF华泰,SH,ETF,1.231,1.234,1.2,1.204,35612379.0,,-2.1933387489845746,
2025-10-20,563360,A500ETF华泰,SH,ETF,1.211,1.22,1.203,1.208,37075002.0,,0.33222591362125353,
2025-10-21,563360,A500ETF华泰,SH,ETF,1.212,1.232,1.212,1.23,38521989.0,,1.821192052980125,
2025-10-22,563360,A500ETF华泰,SH,ETF,1.225,1.228,1.217,1.223,32356407.0,,-0.5691056910569037,
2025-10-23,563360,A500ETF华泰,SH,ETF,1.222,1.23,1.208,1.228,32274391.0,,0.40883074407194187,
2025-10-24,563360,A500ETF华泰,SH,ETF,1.232,1.246,1.232,1.245,28143612.0,,1.3843648208469173,
2025-10-27,563360,A500ETF华泰,SH,ETF,1.256,1.263,1.253,1.261,29114564.0,,1.2851405622489764,
2025-10-28,563360,A500ETF华泰,SH,ETF,1.256,1.268,1.252,1.254,28057201.0,,-0.5551149881046658,
2025-10-29,563360,A500ETF华泰,SH,ETF,1.255,1.272,1.255,1.271,32085958.0,,1.3556618819776656,
2025-10-30,563360,A500ETF华泰,SH,ETF,1.266,1.274,1.259,1.262,30781935.0,,-0.7081038552320895,
2025-10-31,563360,A500ETF华泰,SH,ETF,1.26,1.262,1.245,1.245,28716577.0,,-1.347068145800312,
2025-11-03,563360,A500ETF华泰,SH,ETF,1.245,1.248,1.23,1.248,26799250.0,,0.24096385542167198,
2025-11-04,563360,A500ETF华泰,SH,ETF,1.248,1.249,1.227,1.235,32566933.0,,-1.041666666666663,
2025-11-05,563360,A500ETF华泰,SH,ETF,1.22,1.242,1.218,1.236,30002377.0,,0.08097165991902688,
2025-11-06,563360,A500ETF华泰,SH,ETF,1.237,1.259,1.237,1.256,33242087.0,,1.6181229773462702,
2025-11-07,563360,A500ETF华泰,SH,ETF,1.249,1.261,1.247,1.256,34461163.0,,0.0,
2025-11-10,563360,A500ETF华泰,SH,ETF,1.256,1.261,1.247,1.257,32379254.0,,0.07961783439489611,
2025-11-11,563360,A500ETF华泰,SH,ETF,1.257,1.263,1.245,1.247,33137088.0,,-0.7955449482895616,
2025-11-12,563360,A500ETF华泰,SH,ETF,1.241,1.251,1.235,1.245,35161780.0,,-0.1603849238171584,
2025-11-13,563360,A500ETF华泰,SH,ETF,1.244,1.262,1.243,1.261,35132440.0,,1.2851405622489764,
2025-11-14,563360,A500ETF华泰,SH,ETF,1.253,1.256,1.24,1.241,34427501.0,,-1.5860428231562085,
2025-11-17,563360,A500ETF华泰,SH,ETF,1.239,1.243,1.23,1.236,36134134.0,,-0.40290088638196275,
2025-11-18,563360,A500ETF华泰,SH,ETF,1.235,1.237,1.221,1.228,35993374.0,,-0.6472491909385147,
2025-11-19,563360,A500ETF华泰,SH,ETF,1.228,1.235,1.223,1.23,37966885.0,,0.16286644951140072,
2025-11-20,563360,A500ETF华泰,SH,ETF,1.234,1.238,1.221,1.223,38683674.0,,-0.5691056910569037,
2025-11-21,563360,A500ETF华泰,SH,ETF,1.207,1.212,1.187,1.188,41370031.0,,-2.861815208503693,
2025-11-24,563360,A500ETF华泰,SH,ETF,1.189,1.195,1.181,1.19,36434782.0,,0.16835016835017313,
2025-11-25,563360,A500ETF华泰,SH,ETF,1.195,1.211,1.195,1.203,38247050.0,,1.0924369747899343,
2025-11-26,563360,A500ETF华泰,SH,ETF,1.202,1.216,1.202,1.209,35529987.0,,0.4987531172069737,
2025-11-27,563360,A500ETF华泰,SH,ETF,1.21,1.223,1.205,1.207,33377634.0,,-0.16542597187758634,
2025-11-28,563360,A500ETF华泰,SH,ETF,1.206,1.215,1.203,1.212,31445120.0,,0.41425020712508864,
2025-12-01,563360,A500ETF华泰,SH,ETF,1.216,1.228,1.215,1.228,33987733.0,,1.320132013201314,
2025-12-02,563360,A500ETF华泰,SH,ETF,1.227,1.227,1.217,1.22,32640208.0,,-0.6514657980456029,
2025-12-03,563360,A500ETF华泰,SH,ETF,1.224,1.226,1.212,1.216,38494086.0,,-0.3278688524590123,
2025-12-04,563360,A500ETF华泰,SH,ETF,1.216,1.223,1.209,1.219,40208637.0,,0.24671052631579649,
2025-12-05,563360,A500ETF华泰,SH,ETF,1.219,1.234,1.214,1.23,55267159.0,,0.9023789991796427,
2025-12-08,563360,A500ETF华泰,SH,ETF,1.235,1.246,1.232,1.241,53045283.0,,0.8943089430894391,
2025-12-09,563360,A500ETF华泰,SH,ETF,1.241,1.242,1.23,1.234,62764995.0,,-0.5640612409347434,
2025-12-10,563360,A500ETF华泰,SH,ETF,1.233,1.237,1.22,1.236,67665537.0,,0.16207455429497752,
2025-12-11,563360,A500ETF华泰,SH,ETF,1.238,1.24,1.223,1.225,79605610.0,,-0.8899676375404453,
2025-12-12,563360,A500ETF华泰,SH,ETF,1.227,1.236,1.22,1.233,86253424.0,,0.6530612244898037,
2025-12-15,563360,A500ETF华泰,SH,ETF,1.228,1.238,1.225,1.225,84203774.0,,-0.6488240064882356,
2025-12-16,563360,A500ETF华泰,SH,ETF,1.225,1.225,1.204,1.211,90369784.0,,-1.1428571428571455,
2025-12-17,563360,A500ETF华泰,SH,ETF,1.211,1.237,1.209,1.234,115740387.0,,1.8992568125516085,
2025-12-18,563360,A500ETF华泰,SH,ETF,1.23,1.234,1.224,1.225,101213676.0,,-0.7293354943273878,
2025-12-19,563360,A500ETF华泰,SH,ETF,1.227,1.239,1.226,1.233,108411302.0,,0.6530612244898037,
2025-12-22,563360,A500ETF华泰,SH,ETF,1.24,1.248,1.238,1.248,110420814.0,,1.2165450121654375,
2025-12-23,563360,A500ETF华泰,SH,ETF,1.25,1.256,1.245,1.25,117699332.0,,0.1602564102564097,
2025-12-24,563360,A500ETF华泰,SH,ETF,1.25,1.258,1.245,1.257,123834253.0,,0.5599999999999827,
2025-12-25,563360,A500ETF华泰,SH,ETF,1.256,1.263,1.252,1.259,114557070.0,,0.15910898965791898,
2025-12-26,563360,A500ETF华泰,SH,ETF,1.259,1.272,1.259,1.267,111835772.0,,0.6354249404289192,
2025-12-29,563360,A500ETF华泰,SH,ETF,1.265,1.27,1.256,1.261,109150254.0,,-0.47355958958168465,
2025-12-30,563360,A500ETF华泰,SH,ETF,1.256,1.268,1.254,1.265,118485029.0,,0.3172085646312439,
2025-12-31,563360,A500ETF华泰,SH,ETF,1.267,1.27,1.257,1.262,122994897.0,,-0.237154150197616,
2026-01-05,563360,A500ETF华泰,SH,ETF,1.265,1.288,1.263,1.286,124118116.0,,1.9017432646592836,
2026-01-06,563360,A500ETF华泰,SH,ETF,1.287,1.313,1.287,1.312,118601980.0,,2.021772939346822,
2026-01-07,563360,A500ETF华泰,SH,ETF,1.31,1.315,1.301,1.307,112467386.0,,-0.3810975609756184,
2026-01-08,563360,A500ETF华泰,SH,ETF,1.303,1.309,1.296,1.3,115162558.0,,-0.535577658760511,
2026-01-09,563360,A500ETF华泰,SH,ETF,1.301,1.317,1.3,1.314,115845802.0,,1.0769230769230864,
2026-01-12,563360,A500ETF华泰,SH,ETF,1.317,1.332,1.312,1.33,28888853.0,,1.21765601217656,
2026-01-13,563360,A500ETF华泰,SH,ETF,1.33,1.34,1.314,1.319,35902247.0,,-0.8270676691729428,
2026-01-14,563360,A500ETF华泰,SH,ETF,1.32,1.34,1.307,1.323,101109955.0,,0.30326004548901775,
2026-01-15,563360,A500ETF华泰,SH,ETF,1.314,1.325,1.31,1.319,114099812.0,,-0.3023431594860182,
2026-01-16,563360,A500ETF华泰,SH,ETF,1.326,1.332,1.311,1.314,106727780.0,,-0.37907505686125553,
2026-01-19,563360,A500ETF华泰,SH,ETF,1.313,1.326,1.311,1.318,106797477.0,,0.3044140030441511,
2026-01-20,563360,A500ETF华泰,SH,ETF,1.319,1.324,1.301,1.312,107315508.0,,-0.4552352048558417,
2026-01-21,563360,A500ETF华泰,SH,ETF,1.306,1.326,1.306,1.318,104976442.0,,0.45731707317073766,
2026-01-22,563360,A500ETF华泰,SH,ETF,1.324,1.328,1.313,1.319,114307234.0,,0.07587253414262918,
2026-01-23,563360,A500ETF华泰,SH,ETF,1.321,1.328,1.32,1.325,117082895.0,,0.4548900682335155,
2026-01-26,563360,A500ETF华泰,SH,ETF,1.328,1.338,1.32,1.323,50306722.0,,-0.15094339622641062,
2026-01-27,563360,A500ETF华泰,SH,ETF,1.323,1.333,1.309,1.325,91074059.0,,0.15117157974300355,
2026-01-28,563360,A500ETF华泰,SH,ETF,1.326,1.335,1.323,1.331,97840395.0,,0.45283018867925406,
2026-01-29,563360,A500ETF华泰,SH,ETF,1.33,1.34,1.324,1.338,83212598.0,,0.5259203606311047,
2026-01-30,563360,A500ETF华泰,SH,ETF,1.33,1.333,1.295,1.318,107280816.0,,-1.4947683109118093,
2026-02-02,563360,A500ETF华泰,SH,ETF,1.306,1.316,1.277,1.279,95573803.0,,-2.959028831562982,
2026-02-03,563360,A500ETF华泰,SH,ETF,1.289,1.308,1.279,1.307,104741920.0,,2.18921032056294,
2026-02-04,563360,A500ETF华泰,SH,ETF,1.303,1.317,1.297,1.316,90797527.0,,0.6885998469778221,
2026-02-05,563360,A500ETF华泰,SH,ETF,1.305,1.309,1.29,1.3,85552745.0,,-1.2158054711246202,
2026-02-06,563360,A500ETF华泰,SH,ETF,1.29,1.308,1.28,1.293,87071024.0,,-0.5384615384615432,
2026-02-09,563360,A500ETF华泰,SH,ETF,1.308,1.319,1.307,1.318,74874255.0,,1.9334880123743403,
2026-02-10,563360,A500ETF华泰,SH,ETF,1.319,1.322,1.314,1.319,64656211.0,,0.07587253414262918,
2026-02-11,563360,A500ETF华泰,SH,ETF,1.319,1.322,1.316,1.318,66453396.0,,-0.07581501137224889,
2026-02-12,563360,A500ETF华泰,SH,ETF,1.318,1.325,1.318,1.323,69932833.0,,0.3793626707131903,
2026-02-13,563360,A500ETF华泰,SH,ETF,1.318,1.319,1.305,1.305,78660043.0,,-1.3605442176870763,
2026-02-24,563360,A500ETF华泰,SH,ETF,1.323,1.327,1.315,1.322,60017737.0,,1.3026819923371846,
2026-02-25,563360,A500ETF华泰,SH,ETF,1.322,1.34,1.319,1.336,61562477.0,,1.0590015128593144,
2026-02-26,563360,A500ETF华泰,SH,ETF,1.336,1.336,1.325,1.332,58260628.0,,-0.29940119760478723,
2026-02-27,563360,A500ETF华泰,SH,ETF,1.325,1.335,1.323,1.333,59439499.0,,0.07507507507507061,
2026-03-02,563360,A500ETF华泰,SH,ETF,1.326,1.339,1.319,1.336,56307307.0,,0.22505626406601476,
2026-03-03,563360,A500ETF华泰,SH,ETF,1.336,1.341,1.304,1.31,60399596.0,,-1.9461077844311392,
2026-03-04,563360,A500ETF华泰,SH,ETF,1.298,1.306,1.286,1.292,57040864.0,,-1.3740458015267132,
2026-03-05,563360,A500ETF华泰,SH,ETF,1.306,1.313,1.299,1.306,56887018.0,,1.0835913312693402,
2026-03-06,563360,A500ETF华泰,SH,ETF,1.3,1.314,1.296,1.31,50278969.0,,0.3062787136294043,
2026-03-09,563360,A500ETF华泰,SH,ETF,1.292,1.301,1.271,1.296,59739162.0,,-1.0687022900763399,
2026-03-10,563360,A500ETF华泰,SH,ETF,1.306,1.318,1.305,1.315,56077775.0,,1.4660493827160392,
2026-03-11,563360,A500ETF华泰,SH,ETF,1.318,1.326,1.316,1.322,55127822.0,,0.5323193916349833,
2026-03-12,563360,A500ETF华泰,SH,ETF,1.32,1.323,1.305,1.315,51831297.0,,-0.5295007564296572,
2026-03-13,563360,A500ETF华泰,SH,ETF,1.31,1.322,1.303,1.307,59808120.0,,-0.6083650190114032,
2026-03-16,563360,A500ETF华泰,SH,ETF,1.304,1.307,1.287,1.304,69901513.0,,-0.22953328232593329,
2026-03-17,563360,A500ETF华泰,SH,ETF,1.304,1.316,1.288,1.288,65822084.0,,-1.2269938650306789,
2026-03-18,563360,A500ETF华泰,SH,ETF,1.289,1.298,1.278,1.296,60553953.0,,0.6211180124223503,
2026-03-19,563360,A500ETF华泰,SH,ETF,1.282,1.287,1.267,1.273,58261824.0,,-1.7746913580247048,
2026-03-20,563360,A500ETF华泰,SH,ETF,1.272,1.284,1.263,1.265,59181951.0,,-0.628436763550666,
2026-03-23,563360,A500ETF华泰,SH,ETF,1.245,1.253,1.216,1.225,54694921.0,,-3.162055335968361,
2026-03-24,563360,A500ETF华泰,SH,ETF,1.235,1.239,1.211,1.239,60549570.0,,1.1428571428571344,
2026-03-25,563360,A500ETF华泰,SH,ETF,1.246,1.261,1.244,1.257,55927655.0,,1.4527845036319542,
2026-03-26,563360,A500ETF华泰,SH,ETF,1.254,1.26,1.238,1.241,53216923.0,,-1.2728719172633074,
2026-03-27,563360,A500ETF华泰,SH,ETF,1.227,1.258,1.225,1.25,56321543.0,,0.7252215954874908,
2026-03-30,563360,A500ETF华泰,SH,ETF,1.238,1.252,1.233,1.25,56992405.0,,0.0,
2026-03-31,563360,A500ETF华泰,SH,ETF,1.25,1.258,1.236,1.237,58952743.0,,-1.0399999999999965,
2026-04-01,563360,A500ETF华泰,SH,ETF,1.251,1.26,1.248,1.257,53901213.0,,1.6168148746968258,
2026-04-02,563360,A500ETF华泰,SH,ETF,1.251,1.254,1.233,1.242,55167658.0,,-1.193317422434359,
2026-04-03,563360,A500ETF华泰,SH,ETF,1.242,1.246,1.227,1.23,57449105.0,,-0.9661835748792313,
2026-04-07,563360,A500ETF华泰,SH,ETF,1.232,1.238,1.224,1.231,56426879.0,,0.08130081300814496,
2026-04-08,563360,A500ETF华泰,SH,ETF,1.255,1.28,1.253,1.28,55489036.0,,3.980503655564571,
2026-04-09,563360,A500ETF华泰,SH,ETF,1.27,1.278,1.266,1.273,52779268.0,,-0.5468750000000133,
2026-04-10,563360,A500ETF华泰,SH,ETF,1.276,1.299,1.276,1.29,51774010.0,,1.335428122545168,
2026-04-13,563360,A500ETF华泰,SH,ETF,1.285,1.296,1.283,1.294,52287664.0,,0.31007751937983663,
2026-04-14,563360,A500ETF华泰,SH,ETF,1.3,1.311,1.296,1.31,51811403.0,,1.2364760432766575,
2026-04-15,563360,A500ETF华泰,SH,ETF,1.319,1.32,1.3,1.306,52397444.0,,-0.3053435114503844,
2026-04-16,563360,A500ETF华泰,SH,ETF,1.307,1.322,1.306,1.322,54245483.0,,1.2251148545176171,
2026-04-17,563360,A500ETF华泰,SH,ETF,1.317,1.324,1.315,1.32,52409497.0,,-0.1512859304084735,
2026-04-20,563360,A500ETF华泰,SH,ETF,1.323,1.334,1.319,1.331,48431888.0,,0.8333333333333304,
2026-04-21,563360,A500ETF华泰,SH,ETF,1.332,1.334,1.317,1.33,45261988.0,,-0.07513148009015147,
2026-04-22,563360,A500ETF华泰,SH,ETF,1.326,1.344,1.324,1.343,45429805.0,,0.9774436090225436,
2026-04-23,563360,A500ETF华泰,SH,ETF,1.345,1.348,1.326,1.335,46401006.0,,-0.5956813104988856,
2026-04-24,563360,A500ETF华泰,SH,ETF,1.332,1.337,1.321,1.331,43368034.0,,-0.2996254681647992,
2026-04-27,563360,A500ETF华泰,SH,ETF,1.333,1.339,1.328,1.333,44690393.0,,0.15026296018032514,
2026-04-28,563360,A500ETF华泰,SH,ETF,1.331,1.334,1.32,1.325,43462062.0,,-0.6001500375093727,
2026-04-29,563360,A500ETF华泰,SH,ETF,1.323,1.346,1.32,1.344,45058578.0,,1.4339622641509564,
2026-04-30,563360,A500ETF华泰,SH,ETF,1.346,1.35,1.34,1.347,47067284.0,,0.22321428571427937,
2026-05-06,563360,A500ETF华泰,SH,ETF,1.356,1.377,1.356,1.37,39464264.0,,1.7074981440237558,
2026-05-07,563360,A500ETF华泰,SH,ETF,1.377,1.382,1.369,1.381,43875381.0,,0.8029197080291928,
2026-05-08,563360,A500ETF华泰,SH,ETF,1.375,1.38,1.367,1.375,34838829.0,,-0.43446777697321304,
2026-05-11,563360,A500ETF华泰,SH,ETF,1.38,1.403,1.38,1.399,39487553.0,,1.745454545454539,
2026-05-12,563360,A500ETF华泰,SH,ETF,1.399,1.404,1.391,1.396,36195749.0,,-0.21443888491781138,
2026-05-13,563360,A500ETF华泰,SH,ETF,1.391,1.415,1.389,1.413,37413839.0,,1.2177650429799458,
2026-05-14,563360,A500ETF华泰,SH,ETF,1.415,1.42,1.384,1.386,28845922.0,,-1.9108280254777177,
2026-05-15,563360,A500ETF华泰,SH,ETF,1.383,1.39,1.358,1.365,37284369.0,,-1.5151515151515138,
2026-05-18,563360,A500ETF华泰,SH,ETF,1.358,1.371,1.351,1.362,35301448.0,,-0.2197802197802079,
2026-05-19,563360,A500ETF华泰,SH,ETF,1.359,1.37,1.341,1.369,37124911.0,,0.513950073421432,
2026-05-20,563360,A500ETF华泰,SH,ETF,1.361,1.377,1.361,1.372,30216240.0,,0.21913805697590938,
2026-05-21,563360,A500ETF华泰,SH,ETF,1.379,1.397,1.346,1.349,34495905.0,,-1.676384839650158,
2026-05-22,563360,A500ETF华泰,SH,ETF,1.355,1.37,1.349,1.367,33749475.0,,1.3343217197924417,
2026-05-25,563360,A500ETF华泰,SH,ETF,1.375,1.391,1.368,1.387,30972538.0,,1.4630577907827291,
2026-05-26,563360,A500ETF华泰,SH,ETF,1.383,1.398,1.376,1.395,32377313.0,,0.5767844268204758,
2026-05-27,563360,A500ETF华泰,SH,ETF,1.392,1.403,1.373,1.381,32861018.0,,-1.003584229390686,
2026-05-28,563360,A500ETF华泰,SH,ETF,1.374,1.384,1.359,1.382,31564226.0,,0.07241129616220032,
2026-05-29,563360,A500ETF华泰,SH,ETF,1.387,1.39,1.36,1.368,32724650.0,,-1.0130246020260358,
2026-06-01,563360,A500ETF华泰,SH,ETF,1.366,1.377,1.349,1.35,31605724.0,,-1.3157894736842146,
2026-06-02,563360,A500ETF华泰,SH,ETF,1.348,1.375,1.342,1.369,36321682.0,,1.4074074074073906,
2026-06-03,563360,A500ETF华泰,SH,ETF,1.369,1.393,1.366,1.378,36435161.0,,0.6574141709276837,
2026-06-04,563360,A500ETF华泰,SH,ETF,1.365,1.377,1.362,1.368,29908702.0,,-0.7256894049346707,
2026-06-05,563360,A500ETF华泰,SH,ETF,1.362,1.375,1.342,1.348,33767420.0,,-1.4619883040935644,
2026-06-08,563360,A500ETF华泰,SH,ETF,1.315,1.335,1.302,1.313,37740719.0,,-2.596439169139475,
2026-06-09,563360,A500ETF华泰,SH,ETF,1.321,1.341,1.311,1.34,32418440.0,,2.056359482102077,
2026-06-10,563360,A500ETF华泰,SH,ETF,1.329,1.336,1.314,1.326,33087117.0,,-1.0447761194029903,
2026-06-11,563360,A500ETF华泰,SH,ETF,1.317,1.33,1.307,1.317,30373882.0,,-0.6787330316742168,
2026-06-12,563360,A500ETF华泰,SH,ETF,1.334,1.347,1.33,1.333,31123301.0,,1.214882308276377,
2026-06-15,563360,A500ETF华泰,SH,ETF,1.344,1.37,1.34,1.369,30509871.0,,2.7006751687921993,
2026-06-16,563360,A500ETF华泰,SH,ETF,1.369,1.376,1.364,1.371,29274357.0,,0.14609203798392478,
2026-06-17,563360,A500ETF华泰,SH,ETF,1.364,1.39,1.363,1.388,27756699.0,,1.2399708242158969,
2026-06-18,563360,A500ETF华泰,SH,ETF,1.383,1.402,1.381,1.397,25977412.0,,0.6484149855907839,
2026-06-22,563360,A500ETF华泰,SH,ETF,1.395,1.433,1.391,1.432,25672023.0,,2.505368647100914,
2026-06-23,563360,A500ETF华泰,SH,ETF,1.425,1.431,1.378,1.387,25164434.0,,-3.142458100558654,
2026-06-24,563360,A500ETF华泰,SH,ETF,1.383,1.403,1.379,1.4,29222395.0,,0.9372746935832676,
2026-06-25,563360,A500ETF华泰,SH,ETF,1.403,1.426,1.395,1.423,22010796.0,,1.642857142857146,
2026-06-26,563360,A500ETF华泰,SH,ETF,1.41,1.416,1.374,1.385,25225255.0,,-2.6704146170063225,
2026-06-29,563360,A500ETF华泰,SH,ETF,1.381,1.399,1.369,1.398,27157813.0,,0.9386281588447565,
2026-06-30,563360,A500ETF华泰,SH,ETF,1.392,1.423,1.391,1.421,22969971.0,,1.6452074391988702,
2026-07-01,563360,A500ETF华泰,SH,ETF,1.42,1.428,1.401,1.414,23328454.0,,-0.49261083743843415,
2026-07-02,563360,A500ETF华泰,SH,ETF,1.398,1.398,1.361,1.366,26648952.0,,-3.3946251768033786,
2026-07-03,563360,A500ETF华泰,SH,ETF,1.361,1.393,1.361,1.375,22470764.0,,0.658857979502181,
2026-07-06,563360,A500ETF华泰,SH,ETF,1.378,1.387,1.358,1.371,25497302.0,,-0.2909090909090861,
2026-07-07,563360,A500ETF华泰,SH,ETF,1.363,1.371,1.344,1.354,26109838.0,,-1.2399708242158969,
2026-07-08,563360,A500ETF华泰,SH,ETF,1.354,1.364,1.337,1.339,28448793.0,,-1.1078286558345751,
2026-07-09,563360,A500ETF华泰,SH,ETF,1.343,1.379,1.331,1.376,27741545.0,,2.763256161314409,
2026-07-10,563360,A500ETF华泰,SH,ETF,1.379,1.39,1.352,1.354,27392133.0,,-1.5988372093023062,
2026-07-13,563360,A500ETF华泰,SH,ETF,1.34,1.35,1.311,1.318,32176056.0,,-2.6587887740029514,
2026-07-14,563360,A500ETF华泰,SH,ETF,1.318,1.346,1.3,1.344,31481779.0,,1.9726858877086473,
2026-07-15,563360,A500ETF华泰,SH,ETF,1.348,1.353,1.336,1.34,23105447.0,,-0.29761904761904656,
2026-07-16,563360,A500ETF华泰,SH,ETF,1.319,1.337,1.304,1.313,31350016.0,,-2.0149253731343353,
2026-07-17,563360,A500ETF华泰,SH,ETF,1.305,1.308,1.249,1.259,48018666.0,,-4.11271896420412,
2026-07-20,563360,A500ETF华泰,SH,ETF,1.273,1.284,1.245,1.268,29930775.0,,0.7148530579825341,
2026-07-21,563360,A500ETF华泰,SH,ETF,1.273,1.316,1.254,1.316,32249401.0,,3.785488958990535,
2026-07-22,563360,A500ETF华泰,SH,ETF,1.307,1.328,1.301,1.307,30761991.0,,-0.6838905775076065,
2026-07-23,563360,A500ETF华泰,SH,ETF,1.307,1.316,1.302,1.311,32699335.0,,0.3060443764345777,
2026-07-24,563360,A500ETF华泰,SH,ETF,1.3,1.305,1.283,1.283,35657863.0,,-2.135774218154085,
2026-07-27,563360,A500ETF华泰,SH,ETF,1.284,1.306,1.278,1.305,26833429.0,,1.7147310989867437,
2026-07-28,563360,A500ETF华泰,SH,ETF,1.286,1.29,1.26,1.266,40417551.0,,-2.9885057471264354,
2026-07-29,563360,A500ETF华泰,SH,ETF,1.262,1.283,1.247,1.275,40938889.0,,0.7109004739336511,
2026-07-30,563360,A500ETF华泰,SH,ETF,1.267,1.274,1.235,1.254,55143363.0,,-1.6470588235294015,
2026-07-31,563360,A500ETF华泰,SH,ETF,1.283,1.291,1.271,1.272,38656696.0,,1.4354066985645897,
2026-08-03,563360,A500ETF华泰,SH,ETF,1.266,1.268,1.254,1.256,34464422.0,,-1.2578616352201255,
2026-08-04,563360,A500ETF华泰,SH,ETF,1.261,1.283,1.261,1.279,29936918.0,,1.8312101910827883,
2026-08-05,563360,A500ETF华泰,SH,ETF,1.263,1.307,1.262,1.298,37146359.0,,1.485535574667729,
2026-08-06,563360,A500ETF华泰,SH,ETF,1.291,1.305,1.285,1.299,39287516.0,,0.07704160246533309,
2026-08-07,563360,A500ETF华泰,SH,ETF,1.296,1.318,1.296,1.317,35111398.0,,1.385681293302543,
2026-08-10,563360,A500ETF华泰,SH,ETF,1.318,1.32,1.303,1.318,34390126.0,,0.07593014426727773,
2026-08-11,563360,A500ETF华泰,SH,ETF,1.311,1.322,1.306,1.306,35420784.0,,-0.9104704097116834,
2026-08-12,563360,A500ETF华泰,SH,ETF,1.306,1.319,1.305,1.316,31201552.0,,0.7656967840734996,
2026-08-13,563360,A500ETF华泰,SH,ETF,1.32,1.327,1.306,1.307,38170328.0,,-0.6838905775076065,
2026-08-14,563360,A500ETF华泰,SH,ETF,1.31,1.312,1.299,1.308,34932959.0,,0.07651109410864443,
2026-08-17,563360,A500ETF华泰,SH,ETF,1.308,1.335,1.308,1.333,34184291.0,,1.9113149847094668,
2026-08-18,563360,A500ETF华泰,SH,ETF,1.328,1.335,1.316,1.329,31409881.0,,-0.30007501875468634,
2026-08-19,563360,A500ETF华泰,SH,ETF,1.31,1.313,1.277,1.281,36334484.0,,-3.6117381489842004,
2026-08-20,563360,A500ETF华泰,SH,ETF,1.289,1.296,1.278,1.284,32765300.0,,0.23419203747072626,
2026-08-21,563360,A500ETF华泰,SH,ETF,1.281,1.296,1.279,1.291,37227917.0,,0.5451713395638658,
2025-06-30,588710,科创半导体设备ETF华泰柏瑞,SH,ETF,0.348,0.356,0.348,0.354,153346.0,,2.0172910662824117,
2025-07-01,588710,科创半导体设备ETF华泰柏瑞,SH,ETF,0.354,0.359,0.354,0.357,114002.0,,0.8474576271186418,
2025-07-02,588710,科创半导体设备ETF华泰柏瑞,SH,ETF,0.356,0.356,0.347,0.349,107439.0,,-2.2408963585434205,
2025-07-03,588710,科创半导体设备ETF华泰柏瑞,SH,ETF,0.351,0.353,0.346,0.346,77525.0,,-0.8595988538681931,
2025-07-04,588710,科创半导体设备ETF华泰柏瑞,SH,ETF,0.346,0.358,0.343,0.35,154669.0,,1.1560693641618602,
2025-07-07,588710,科创半导体设备ETF华泰柏瑞,SH,ETF,0.351,0.355,0.349,0.351,117651.0,,0.28571428571428914,
2025-07-08,588710,科创半导体设备ETF华泰柏瑞,SH,ETF,0.351,0.355,0.351,0.354,105461.0,,0.8547008547008517,
2025-07-09,588710,科创半导体设备ETF华泰柏瑞,SH,ETF,0.353,0.355,0.351,0.351,38537.0,,-0.8474576271186418,
2025-07-10,588710,科创半导体设备ETF华泰柏瑞,SH,ETF,0.352,0.352,0.349,0.35,57813.0,,-0.2849002849002802,
2025-07-11,588710,科创半导体设备ETF华泰柏瑞,SH,ETF,0.348,0.356,0.348,0.356,87269.0,,1.7142857142857126,
2025-07-14,588710,科创半导体设备ETF华泰柏瑞,SH,ETF,0.357,0.357,0.349,0.353,39047.0,,-0.8426966292134797,
2025-07-15,588710,科创半导体设备ETF华泰柏瑞,SH,ETF,0.353,0.354,0.347,0.349,89130.0,,-1.1331444759206777,
2025-07-16,588710,科创半导体设备ETF华泰柏瑞,SH,ETF,0.349,0.352,0.348,0.349,59273.0,,0.0,
2025-07-17,588710,科创半导体设备ETF华泰柏瑞,SH,ETF,0.347,0.349,0.345,0.349,42955.0,,0.0,
2025-07-18,588710,科创半导体设备ETF华泰柏瑞,SH,ETF,0.353,0.355,0.349,0.352,40230.0,,0.8595988538681931,
2025-07-21,588710,科创半导体设备ETF华泰柏瑞,SH,ETF,0.352,0.352,0.349,0.351,30203.0,,-0.28409090909090606,
2025-07-22,588710,科创半导体设备ETF华泰柏瑞,SH,ETF,0.351,0.357,0.35,0.354,93570.0,,0.8547008547008517,
2025-07-23,588710,科创半导体设备ETF华泰柏瑞,SH,ETF,0.358,0.367,0.355,0.365,462778.0,,3.1073446327683607,
2025-07-24,588710,科创半导体设备ETF华泰柏瑞,SH,ETF,0.361,0.372,0.361,0.372,413015.0,,1.9178082191780854,
2025-07-25,588710,科创半导体设备ETF华泰柏瑞,SH,ETF,0.372,0.376,0.368,0.375,309485.0,,0.8064516129032251,
2025-07-28,588710,科创半导体设备ETF华泰柏瑞,SH,ETF,0.376,0.376,0.37,0.372,196808.0,,-0.8000000000000007,
2025-07-29,588710,科创半导体设备ETF华泰柏瑞,SH,ETF,0.372,0.378,0.369,0.377,222902.0,,1.3440860215053752,
2025-07-30,588710,科创半导体设备ETF华泰柏瑞,SH,ETF,0.377,0.379,0.37,0.373,212882.0,,-1.0610079575596787,
2025-07-31,588710,科创半导体设备ETF华泰柏瑞,SH,ETF,0.37,0.375,0.364,0.365,192866.0,,-2.144772117962468,
2025-08-01,588710,科创半导体设备ETF华泰柏瑞,SH,ETF,0.363,0.369,0.36,0.363,114865.0,,-0.5479452054794498,
2025-08-04,588710,科创半导体设备ETF华泰柏瑞,SH,ETF,0.359,0.366,0.359,0.366,132794.0,,0.8264462809917328,
2025-08-05,588710,科创半导体设备ETF华泰柏瑞,SH,ETF,0.367,0.368,0.364,0.368,179631.0,,0.5464480874316946,
2025-08-06,588710,科创半导体设备ETF华泰柏瑞,SH,ETF,0.368,0.369,0.365,0.369,140419.0,,0.27173913043478937,
2025-08-07,588710,科创半导体设备ETF华泰柏瑞,SH,ETF,0.369,0.373,0.365,0.368,189923.0,,-0.27100271002710175,
2025-08-08,588710,科创半导体设备ETF华泰柏瑞,SH,ETF,0.368,0.368,0.363,0.364,119739.0,,-1.0869565217391353,
2025-08-11,588710,科创半导体设备ETF华泰柏瑞,SH,ETF,0.364,0.367,0.363,0.365,123141.0,,0.27472527472527375,
2025-08-12,588710,科创半导体设备ETF华泰柏瑞,SH,ETF,0.364,0.37,0.362,0.368,221057.0,,0.8219178082191858,
2025-08-13,588710,科创半导体设备ETF华泰柏瑞,SH,ETF,0.365,0.407,0.365,0.373,158983.0,,1.3586956521739246,
2025-08-14,588710,科创半导体设备ETF华泰柏瑞,SH,ETF,0.372,0.38,0.368,0.369,147022.0,,-1.072386058981234,
2025-08-15,588710,科创半导体设备ETF华泰柏瑞,SH,ETF,0.369,0.378,0.366,0.377,137527.0,,2.168021680216814,
2025-08-18,588710,科创半导体设备ETF华泰柏瑞,SH,ETF,0.38,0.391,0.376,0.388,192549.0,,2.917771883289122,
2025-08-19,588710,科创半导体设备ETF华泰柏瑞,SH,ETF,0.389,0.39,0.379,0.38,221850.0,,-2.0618556701030966,
2025-08-20,588710,科创半导体设备ETF华泰柏瑞,SH,ETF,0.378,0.395,0.374,0.395,324383.0,,3.9473684210526327,
2025-08-21,588710,科创半导体设备ETF华泰柏瑞,SH,ETF,0.395,0.397,0.389,0.392,397687.0,,-0.75949367088608,
2025-08-22,588710,科创半导体设备ETF华泰柏瑞,SH,ETF,0.396,0.421,0.392,0.418,445296.0,,6.632653061224492,
2025-08-25,588710,科创半导体设备ETF华泰柏瑞,SH,ETF,0.429,0.457,0.409,0.419,488462.0,,0.23923444976077235,
2025-08-26,588710,科创半导体设备ETF华泰柏瑞,SH,ETF,0.41,0.426,0.41,0.419,301939.0,,0.0,
2025-08-27,588710,科创半导体设备ETF华泰柏瑞,SH,ETF,0.418,0.435,0.412,0.413,499693.0,,-1.4319809069212375,
2025-08-28,588710,科创半导体设备ETF华泰柏瑞,SH,ETF,0.41,0.434,0.41,0.433,389084.0,,4.842615012106544,
2025-08-29,588710,科创半导体设备ETF华泰柏瑞,SH,ETF,0.438,0.438,0.416,0.421,342895.0,,-2.771362586605086,
2025-09-01,588710,科创半导体设备ETF华泰柏瑞,SH,ETF,0.429,0.435,0.423,0.434,276454.0,,3.087885985748229,
2025-09-02,588710,科创半导体设备ETF华泰柏瑞,SH,ETF,0.434,0.436,0.414,0.415,469598.0,,-4.377880184331806,
2025-09-03,588710,科创半导体设备ETF华泰柏瑞,SH,ETF,0.417,0.426,0.413,0.417,264489.0,,0.48192771084336616,
2025-09-04,588710,科创半导体设备ETF华泰柏瑞,SH,ETF,0.412,0.416,0.381,0.389,432260.0,,-6.714628297362102,
2025-09-05,588710,科创半导体设备ETF华泰柏瑞,SH,ETF,0.39,0.402,0.389,0.401,276316.0,,3.084832904884327,
2025-09-08,588710,科创半导体设备ETF华泰柏瑞,SH,ETF,0.401,0.409,0.394,0.408,291939.0,,1.74563591022443,
2025-09-09,588710,科创半导体设备ETF华泰柏瑞,SH,ETF,0.402,0.403,0.392,0.394,320879.0,,-3.4313725490195957,
2025-09-10,588710,科创半导体设备ETF华泰柏瑞,SH,ETF,0.394,0.399,0.391,0.395,351290.0,,0.2538071065989911,
2025-09-11,588710,科创半导体设备ETF华泰柏瑞,SH,ETF,0.395,0.411,0.389,0.411,513608.0,,4.0506329113924044,
2025-09-12,588710,科创半导体设备ETF华泰柏瑞,SH,ETF,0.413,0.422,0.408,0.414,440358.0,,0.7299270072992803,
2025-09-15,588710,科创半导体设备ETF华泰柏瑞,SH,ETF,0.422,0.427,0.411,0.414,502331.0,,0.0,
2025-09-16,588710,科创半导体设备ETF华泰柏瑞,SH,ETF,0.417,0.42,0.411,0.415,435001.0,,0.24154589371980784,
2025-09-17,588710,科创半导体设备ETF华泰柏瑞,SH,ETF,0.415,0.435,0.413,0.433,792810.0,,4.337349397590362,
2025-09-18,588710,科创半导体设备ETF华泰柏瑞,SH,ETF,0.435,0.462,0.431,0.446,1480638.0,,3.002309468822184,
2025-09-19,588710,科创半导体设备ETF华泰柏瑞,SH,ETF,0.449,0.458,0.441,0.443,1003929.0,,-0.6726457399103158,
2025-09-22,588710,科创半导体设备ETF华泰柏瑞,SH,ETF,0.443,0.452,0.438,0.448,772002.0,,1.1286681715575675,
2025-09-23,588710,科创半导体设备ETF华泰柏瑞,SH,ETF,0.451,0.47,0.442,0.469,910382.0,,4.6875,
2025-09-24,588710,科创半导体设备ETF华泰柏瑞,SH,ETF,0.47,0.533,0.467,0.512,2569929.0,,9.168443496801704,
2025-09-25,588710,科创半导体设备ETF华泰柏瑞,SH,ETF,0.502,0.51,0.497,0.506,2379877.0,,-1.171875,
2025-09-26,588710,科创半导体设备ETF华泰柏瑞,SH,ETF,0.499,0.522,0.499,0.507,3162715.0,,0.19762845849802257,
2025-09-29,588710,科创半导体设备ETF华泰柏瑞,SH,ETF,0.508,0.522,0.5,0.52,2499296.0,,2.564102564102577,
2025-09-30,588710,科创半导体设备ETF华泰柏瑞,SH,ETF,0.523,0.531,0.514,0.52,2681038.0,,0.0,
2025-10-09,588710,科创半导体设备ETF华泰柏瑞,SH,ETF,0.524,0.56,0.521,0.535,2709766.0,,2.8846153846153966,
2025-10-10,588710,科创半导体设备ETF华泰柏瑞,SH,ETF,0.52,0.533,0.511,0.517,2272814.0,,-3.3644859813084182,
2025-10-13,588710,科创半导体设备ETF华泰柏瑞,SH,ETF,0.489,0.536,0.489,0.535,2423345.0,,3.481624758220514,
2025-10-14,588710,科创半导体设备ETF华泰柏瑞,SH,ETF,0.538,0.543,0.495,0.5,2770336.0,,-6.542056074766355,
2025-10-15,588710,科创半导体设备ETF华泰柏瑞,SH,ETF,0.493,0.499,0.486,0.497,1717896.0,,-0.6000000000000005,
2025-10-16,588710,科创半导体设备ETF华泰柏瑞,SH,ETF,0.493,0.502,0.488,0.489,1311210.0,,-1.6096579476861161,
2025-10-17,588710,科创半导体设备ETF华泰柏瑞,SH,ETF,0.487,0.489,0.468,0.469,1556074.0,,-4.089979550102251,
2025-10-20,588710,科创半导体设备ETF华泰柏瑞,SH,ETF,0.477,0.481,0.465,0.469,1201973.0,,0.0,
2025-10-21,588710,科创半导体设备ETF华泰柏瑞,SH,ETF,0.471,0.48,0.47,0.479,1134556.0,,2.1321961620469176,
2025-10-22,588710,科创半导体设备ETF华泰柏瑞,SH,ETF,0.473,0.483,0.469,0.476,825949.0,,-0.6263048016701522,
2025-10-23,588710,科创半导体设备ETF华泰柏瑞,SH,ETF,0.474,0.477,0.467,0.475,753705.0,,-0.21008403361344463,
2025-10-24,588710,科创半导体设备ETF华泰柏瑞,SH,ETF,0.481,0.498,0.478,0.497,1422984.0,,4.631578947368431,
2025-10-27,588710,科创半导体设备ETF华泰柏瑞,SH,ETF,0.507,0.519,0.5,0.515,1532717.0,,3.621730382293764,
2025-10-28,588710,科创半导体设备ETF华泰柏瑞,SH,ETF,0.507,0.521,0.506,0.515,1225450.0,,0.0,
2025-10-29,588710,科创半导体设备ETF华泰柏瑞,SH,ETF,0.514,0.518,0.504,0.515,1085837.0,,0.0,
2025-10-30,588710,科创半导体设备ETF华泰柏瑞,SH,ETF,0.513,0.52,0.507,0.507,855435.0,,-1.553398058252431,
2025-10-31,588710,科创半导体设备ETF华泰柏瑞,SH,ETF,0.502,0.503,0.483,0.485,1311011.0,,-4.339250493096647,
2025-11-03,588710,科创半导体设备ETF华泰柏瑞,SH,ETF,0.475,0.48,0.462,0.479,1039665.0,,-1.2371134020618513,
2025-11-04,588710,科创半导体设备ETF华泰柏瑞,SH,ETF,0.478,0.493,0.478,0.485,995781.0,,1.2526096033403045,
2025-11-05,588710,科创半导体设备ETF华泰柏瑞,SH,ETF,0.471,0.487,0.471,0.483,773058.0,,-0.4123711340206171,
2025-11-06,588710,科创半导体设备ETF华泰柏瑞,SH,ETF,0.487,0.503,0.485,0.5,1051165.0,,3.5196687370600444,
2025-11-07,588710,科创半导体设备ETF华泰柏瑞,SH,ETF,0.496,0.51,0.493,0.504,870055.0,,0.8000000000000007,
2025-11-10,588710,科创半导体设备ETF华泰柏瑞,SH,ETF,0.507,0.523,0.505,0.512,990002.0,,1.5873015873015817,
2025-11-11,588710,科创半导体设备ETF华泰柏瑞,SH,ETF,0.518,0.526,0.504,0.505,714164.0,,-1.3671875,
2025-11-12,588710,科创半导体设备ETF华泰柏瑞,SH,ETF,0.501,0.51,0.491,0.502,802413.0,,-0.5940594059405946,
2025-11-13,588710,科创半导体设备ETF华泰柏瑞,SH,ETF,0.501,0.508,0.497,0.503,660425.0,,0.19920318725099584,
2025-11-14,588710,科创半导体设备ETF华泰柏瑞,SH,ETF,0.495,0.508,0.488,0.492,745780.0,,-2.1868787276342005,
2025-11-17,588710,科创半导体设备ETF华泰柏瑞,SH,ETF,0.496,0.503,0.483,0.485,758512.0,,-1.4227642276422814,
2025-11-18,588710,科创半导体设备ETF华泰柏瑞,SH,ETF,0.482,0.504,0.482,0.493,1225056.0,,1.6494845360824684,
2025-11-19,588710,科创半导体设备ETF华泰柏瑞,SH,ETF,0.489,0.497,0.484,0.488,780531.0,,-1.0141987829614618,
2025-11-20,588710,科创半导体设备ETF华泰柏瑞,SH,ETF,0.492,0.495,0.475,0.477,846822.0,,-2.254098360655743,
2025-11-21,588710,科创半导体设备ETF华泰柏瑞,SH,ETF,0.465,0.472,0.454,0.455,759342.0,,-4.612159329140453,
2025-11-24,588710,科创半导体设备ETF华泰柏瑞,SH,ETF,0.456,0.463,0.452,0.459,547148.0,,0.879120879120876,
2025-11-25,588710,科创半导体设备ETF华泰柏瑞,SH,ETF,0.464,0.467,0.458,0.46,568902.0,,0.2178649237472685,
2025-11-26,588710,科创半导体设备ETF华泰柏瑞,SH,ETF,0.458,0.469,0.455,0.463,573767.0,,0.6521739130434856,
2025-11-27,588710,科创半导体设备ETF华泰柏瑞,SH,ETF,0.465,0.473,0.459,0.46,660433.0,,-0.6479481641468721,
2025-11-28,588710,科创半导体设备ETF华泰柏瑞,SH,ETF,0.458,0.478,0.457,0.475,832205.0,,3.2608695652173836,
2025-12-01,588710,科创半导体设备ETF华泰柏瑞,SH,ETF,0.475,0.477,0.467,0.476,499417.0,,0.21052631578948322,
2025-12-02,588710,科创半导体设备ETF华泰柏瑞,SH,ETF,0.474,0.476,0.467,0.47,399929.0,,-1.260504201680679,
2025-12-03,588710,科创半导体设备ETF华泰柏瑞,SH,ETF,0.469,0.475,0.464,0.467,521999.0,,-0.6382978723404098,
2025-12-04,588710,科创半导体设备ETF华泰柏瑞,SH,ETF,0.465,0.487,0.461,0.481,1028751.0,,2.997858672376874,
2025-12-05,588710,科创半导体设备ETF华泰柏瑞,SH,ETF,0.48,0.482,0.473,0.482,562615.0,,0.20790020790020236,
2025-12-08,588710,科创半导体设备ETF华泰柏瑞,SH,ETF,0.482,0.492,0.478,0.489,671117.0,,1.4522821576763434,
2025-12-09,588710,科创半导体设备ETF华泰柏瑞,SH,ETF,0.485,0.493,0.484,0.486,497086.0,,-0.6134969325153339,
2025-12-10,588710,科创半导体设备ETF华泰柏瑞,SH,ETF,0.483,0.489,0.476,0.488,575894.0,,0.4115226337448652,
2025-12-11,588710,科创半导体设备ETF华泰柏瑞,SH,ETF,0.488,0.497,0.488,0.488,720545.0,,0.0,
2025-12-12,588710,科创半导体设备ETF华泰柏瑞,SH,ETF,0.488,0.513,0.48,0.513,1192035.0,,5.122950819672134,
2025-12-15,588710,科创半导体设备ETF华泰柏瑞,SH,ETF,0.509,0.515,0.505,0.506,744208.0,,-1.3645224171540016,
2025-12-16,588710,科创半导体设备ETF华泰柏瑞,SH,ETF,0.5,0.511,0.495,0.501,1215881.0,,-0.988142292490124,
2025-12-17,588710,科创半导体设备ETF华泰柏瑞,SH,ETF,0.501,0.511,0.493,0.51,1008208.0,,1.7964071856287456,
2025-12-18,588710,科创半导体设备ETF华泰柏瑞,SH,ETF,0.506,0.512,0.5,0.501,820412.0,,-1.764705882352946,
2025-12-19,588710,科创半导体设备ETF华泰柏瑞,SH,ETF,0.504,0.506,0.498,0.5,667790.0,,-0.1996007984031989,
2025-12-22,588710,科创半导体设备ETF华泰柏瑞,SH,ETF,0.501,0.522,0.5,0.522,1090848.0,,4.400000000000004,
2025-12-23,588710,科创半导体设备ETF华泰柏瑞,SH,ETF,0.522,0.533,0.519,0.528,796238.0,,1.1494252873563315,
2025-12-24,588710,科创半导体设备ETF华泰柏瑞,SH,ETF,0.532,0.533,0.524,0.531,596524.0,,0.5681818181818121,
2025-12-25,588710,科创半导体设备ETF华泰柏瑞,SH,ETF,0.529,0.535,0.522,0.532,651492.0,,0.18832391713747842,
2025-12-26,588710,科创半导体设备ETF华泰柏瑞,SH,ETF,0.529,0.534,0.523,0.526,559968.0,,-1.1278195488721776,
2025-12-29,588710,科创半导体设备ETF华泰柏瑞,SH,ETF,0.524,0.526,0.517,0.52,603022.0,,-1.1406844106463865,
2025-12-30,588710,科创半导体设备ETF华泰柏瑞,SH,ETF,0.52,0.529,0.518,0.521,522443.0,,0.19230769230769162,
2025-12-31,588710,科创半导体设备ETF华泰柏瑞,SH,ETF,0.529,0.531,0.517,0.52,661028.0,,-0.19193857965451588,
2026-01-05,588710,科创半导体设备ETF华泰柏瑞,SH,ETF,0.527,0.546,0.526,0.546,931366.0,,5.000000000000004,
2026-01-06,588710,科创半导体设备ETF华泰柏瑞,SH,ETF,0.546,0.576,0.545,0.562,1058622.0,,2.930402930402942,
2026-01-07,588710,科创半导体设备ETF华泰柏瑞,SH,ETF,0.579,0.608,0.574,0.603,1845562.0,,7.295373665480409,
2026-01-08,588710,科创半导体设备ETF华泰柏瑞,SH,ETF,0.602,0.611,0.595,0.602,1783834.0,,-0.16583747927031434,
2026-01-09,588710,科创半导体设备ETF华泰柏瑞,SH,ETF,0.592,0.604,0.588,0.599,1586256.0,,-0.4983388704318914,
2026-01-12,588710,科创半导体设备ETF华泰柏瑞,SH,ETF,0.6,0.611,0.596,0.603,1596968.0,,0.6677796327211993,
2026-01-13,588710,科创半导体设备ETF华泰柏瑞,SH,ETF,0.601,0.606,0.577,0.58,1521066.0,,-3.814262023217252,
2026-01-14,588710,科创半导体设备ETF华泰柏瑞,SH,ETF,0.579,0.61,0.579,0.594,1602818.0,,2.4137931034482696,
2026-01-15,588710,科创半导体设备ETF华泰柏瑞,SH,ETF,0.589,0.621,0.583,0.621,2331504.0,,4.545454545454541,
2026-01-16,588710,科创半导体设备ETF华泰柏瑞,SH,ETF,0.633,0.66,0.628,0.659,2211490.0,,6.119162640901776,
2026-01-19,588710,科创半导体设备ETF华泰柏瑞,SH,ETF,0.662,0.666,0.643,0.65,2713065.0,,-1.365705614567525,
2026-01-20,588710,科创半导体设备ETF华泰柏瑞,SH,ETF,0.643,0.656,0.638,0.646,1726611.0,,-0.6153846153846176,
2026-01-21,588710,科创半导体设备ETF华泰柏瑞,SH,ETF,0.637,0.658,0.637,0.65,1918256.0,,0.6191950464396356,
2026-01-22,588710,科创半导体设备ETF华泰柏瑞,SH,ETF,0.659,0.663,0.632,0.637,1834558.0,,-2.0000000000000018,
2026-01-23,588710,科创半导体设备ETF华泰柏瑞,SH,ETF,0.632,0.649,0.625,0.649,1961349.0,,1.883830455259039,
2026-01-26,588710,科创半导体设备ETF华泰柏瑞,SH,ETF,0.642,0.643,0.619,0.625,1822813.0,,-3.6979969183358996,
2026-01-27,588710,科创半导体设备ETF华泰柏瑞,SH,ETF,0.622,0.65,0.618,0.647,1951893.0,,3.520000000000012,
2026-01-28,588710,科创半导体设备ETF华泰柏瑞,SH,ETF,0.649,0.657,0.64,0.651,1578066.0,,0.6182380216383399,
2026-01-29,588710,科创半导体设备ETF华泰柏瑞,SH,ETF,0.642,0.651,0.623,0.624,1829792.0,,-4.147465437788023,
2026-01-30,588710,科创半导体设备ETF华泰柏瑞,SH,ETF,0.619,0.63,0.603,0.621,1291482.0,,-0.48076923076922906,
2026-02-02,588710,科创半导体设备ETF华泰柏瑞,SH,ETF,0.611,0.617,0.587,0.588,1381411.0,,-5.31400966183575,
2026-02-03,588710,科创半导体设备ETF华泰柏瑞,SH,ETF,0.6,0.608,0.593,0.607,1097528.0,,3.2312925170068008,
2026-02-04,588710,科创半导体设备ETF华泰柏瑞,SH,ETF,0.601,0.61,0.594,0.604,704462.0,,-0.49423393739703725,
2026-02-05,588710,科创半导体设备ETF华泰柏瑞,SH,ETF,0.586,0.609,0.582,0.602,1063879.0,,-0.3311258278145712,
2026-02-06,588710,科创半导体设备ETF华泰柏瑞,SH,ETF,0.593,0.608,0.593,0.598,1015269.0,,-0.6644518272425293,
2026-02-09,588710,科创半导体设备ETF华泰柏瑞,SH,ETF,0.609,0.614,0.605,0.611,778980.0,,2.1739130434782705,
2026-02-10,588710,科创半导体设备ETF华泰柏瑞,SH,ETF,0.611,0.618,0.606,0.611,614039.0,,0.0,
2026-02-11,588710,科创半导体设备ETF华泰柏瑞,SH,ETF,0.61,0.613,0.604,0.606,369040.0,,-0.8183306055646433,
2026-02-12,588710,科创半导体设备ETF华泰柏瑞,SH,ETF,0.609,0.613,0.6,0.607,626159.0,,0.16501650165017256,
2026-02-13,588710,科创半导体设备ETF华泰柏瑞,SH,ETF,0.603,0.624,0.603,0.614,860183.0,,1.1532125205930832,
2026-02-24,588710,科创半导体设备ETF华泰柏瑞,SH,ETF,0.615,0.62,0.6,0.616,838339.0,,0.32573289902280145,
2026-02-25,588710,科创半导体设备ETF华泰柏瑞,SH,ETF,0.618,0.654,0.611,0.646,1867071.0,,4.870129870129869,
2026-02-26,588710,科创半导体设备ETF华泰柏瑞,SH,ETF,0.647,0.662,0.633,0.656,1174618.0,,1.5479876160990669,
2026-02-27,588710,科创半导体设备ETF华泰柏瑞,SH,ETF,0.644,0.647,0.635,0.642,1128883.0,,-2.1341463414634165,
2026-03-02,588710,科创半导体设备ETF华泰柏瑞,SH,ETF,0.625,0.642,0.623,0.627,1139529.0,,-2.336448598130847,
2026-03-03,588710,科创半导体设备ETF华泰柏瑞,SH,ETF,0.625,0.635,0.592,0.594,1376160.0,,-5.263157894736848,
2026-03-04,588710,科创半导体设备ETF华泰柏瑞,SH,ETF,0.583,0.601,0.581,0.59,952077.0,,-0.6734006734006703,
2026-03-05,588710,科创半导体设备ETF华泰柏瑞,SH,ETF,0.606,0.611,0.59,0.596,1194434.0,,1.016949152542379,
2026-03-06,588710,科创半导体设备ETF华泰柏瑞,SH,ETF,0.589,0.602,0.586,0.588,908189.0,,-1.342281879194629,
2026-03-09,588710,科创半导体设备ETF华泰柏瑞,SH,ETF,0.566,0.575,0.555,0.572,1264665.0,,-2.7210884353741527,
2026-03-10,588710,科创半导体设备ETF华泰柏瑞,SH,ETF,0.585,0.588,0.575,0.583,942342.0,,1.9230769230769162,
2026-03-11,588710,科创半导体设备ETF华泰柏瑞,SH,ETF,0.583,0.586,0.573,0.577,692964.0,,-1.0291595197255532,
2026-03-12,588710,科创半导体设备ETF华泰柏瑞,SH,ETF,0.572,0.582,0.564,0.57,807688.0,,-1.2131715771230511,
2026-03-13,588710,科创半导体设备ETF华泰柏瑞,SH,ETF,0.563,0.572,0.559,0.563,835049.0,,-1.2280701754386003,
2026-03-16,588710,科创半导体设备ETF华泰柏瑞,SH,ETF,0.558,0.575,0.551,0.575,1065098.0,,2.131438721136769,
2026-03-17,588710,科创半导体设备ETF华泰柏瑞,SH,ETF,0.574,0.575,0.556,0.557,769808.0,,-3.130434782608682,
2026-03-18,588710,科创半导体设备ETF华泰柏瑞,SH,ETF,0.559,0.567,0.556,0.565,615642.0,,1.4362657091561815,
2026-03-19,588710,科创半导体设备ETF华泰柏瑞,SH,ETF,0.556,0.561,0.549,0.552,657871.0,,-2.3008849557521915,
2026-03-20,588710,科创半导体设备ETF华泰柏瑞,SH,ETF,0.554,0.565,0.55,0.551,826960.0,,-0.18115942028985588,
2026-03-23,588710,科创半导体设备ETF华泰柏瑞,SH,ETF,0.538,0.548,0.524,0.529,905491.0,,-3.992740471869327,
2026-03-24,588710,科创半导体设备ETF华泰柏瑞,SH,ETF,0.534,0.539,0.524,0.538,613322.0,,1.7013232514177634,
2026-03-25,588710,科创半导体设备ETF华泰柏瑞,SH,ETF,0.543,0.559,0.543,0.549,903754.0,,2.0446096654275214,
2026-03-26,588710,科创半导体设备ETF华泰柏瑞,SH,ETF,0.546,0.547,0.537,0.539,545137.0,,-1.821493624772319,
2026-03-27,588710,科创半导体设备ETF华泰柏瑞,SH,ETF,0.53,0.556,0.53,0.553,670747.0,,2.5974025974025983,
2026-03-30,588710,科创半导体设备ETF华泰柏瑞,SH,ETF,0.543,0.571,0.543,0.567,740305.0,,2.5316455696202445,
2026-03-31,588710,科创半导体设备ETF华泰柏瑞,SH,ETF,0.562,0.566,0.545,0.545,630228.0,,-3.880070546737202,
2026-04-01,588710,科创半导体设备ETF华泰柏瑞,SH,ETF,0.56,0.565,0.552,0.557,686792.0,,2.2018348623853212,
2026-04-02,588710,科创半导体设备ETF华泰柏瑞,SH,ETF,0.553,0.557,0.536,0.541,595657.0,,-2.872531418312385,
2026-04-03,588710,科创半导体设备ETF华泰柏瑞,SH,ETF,0.544,0.55,0.542,0.543,522252.0,,0.3696857670979714,
2026-04-07,588710,科创半导体设备ETF华泰柏瑞,SH,ETF,0.547,0.552,0.544,0.546,374360.0,,0.5524861878453136,
2026-04-08,588710,科创半导体设备ETF华泰柏瑞,SH,ETF,0.566,0.584,0.56,0.583,1193098.0,,6.7765567765567525,
2026-04-09,588710,科创半导体设备ETF华泰柏瑞,SH,ETF,0.576,0.598,0.574,0.587,1050489.0,,0.6861063464836947,
2026-04-10,588710,科创半导体设备ETF华泰柏瑞,SH,ETF,0.599,0.604,0.594,0.595,988652.0,,1.3628620102214661,
2026-04-13,588710,科创半导体设备ETF华泰柏瑞,SH,ETF,0.589,0.594,0.582,0.584,902984.0,,-1.8487394957983239,
2026-04-14,588710,科创半导体设备ETF华泰柏瑞,SH,ETF,0.592,0.61,0.59,0.604,1279640.0,,3.424657534246589,
2026-04-15,588710,科创半导体设备ETF华泰柏瑞,SH,ETF,0.613,0.614,0.591,0.594,965061.0,,-1.655629139072845,
2026-04-16,588710,科创半导体设备ETF华泰柏瑞,SH,ETF,0.594,0.601,0.587,0.601,706296.0,,1.1784511784511897,
2026-04-17,588710,科创半导体设备ETF华泰柏瑞,SH,ETF,0.598,0.605,0.59,0.601,695343.0,,0.0,
2026-04-20,588710,科创半导体设备ETF华泰柏瑞,SH,ETF,0.6,0.61,0.592,0.608,847578.0,,1.1647254575707144,
2026-04-21,588710,科创半导体设备ETF华泰柏瑞,SH,ETF,0.604,0.607,0.593,0.604,586039.0,,-0.6578947368421018,
2026-04-22,588710,科创半导体设备ETF华泰柏瑞,SH,ETF,0.602,0.623,0.602,0.622,1007735.0,,2.98013245033113,
2026-04-23,588710,科创半导体设备ETF华泰柏瑞,SH,ETF,0.623,0.625,0.605,0.613,1075149.0,,-1.4469453376205754,
2026-04-24,588710,科创半导体设备ETF华泰柏瑞,SH,ETF,0.613,0.625,0.611,0.618,915272.0,,0.815660685154973,
2026-04-27,588710,科创半导体设备ETF华泰柏瑞,SH,ETF,0.625,0.665,0.622,0.658,1372154.0,,6.472491909385125,
2026-04-28,588710,科创半导体设备ETF华泰柏瑞,SH,ETF,0.651,0.673,0.645,0.655,1037353.0,,-0.455927051671734,
2026-04-29,588710,科创半导体设备ETF华泰柏瑞,SH,ETF,0.645,0.657,0.632,0.657,920497.0,,0.3053435114503733,
2026-04-30,588710,科创半导体设备ETF华泰柏瑞,SH,ETF,0.657,0.688,0.651,0.679,1202122.0,,3.3485540334855513,
2026-05-06,588710,科创半导体设备ETF华泰柏瑞,SH,ETF,0.698,0.725,0.689,0.69,1086395.0,,1.6200294550809957,
2026-05-07,588710,科创半导体设备ETF华泰柏瑞,SH,ETF,0.69,0.707,0.686,0.706,742204.0,,2.3188405797101463,
2026-05-08,588710,科创半导体设备ETF华泰柏瑞,SH,ETF,0.695,0.707,0.687,0.693,963135.0,,-1.8413597733711096,
2026-05-11,588710,科创半导体设备ETF华泰柏瑞,SH,ETF,0.707,0.745,0.705,0.737,1021631.0,,6.349206349206349,
2026-05-12,588710,科创半导体设备ETF华泰柏瑞,SH,ETF,0.739,0.771,0.724,0.764,1205755.0,,3.663500678426046,
2026-05-13,588710,科创半导体设备ETF华泰柏瑞,SH,ETF,0.746,0.803,0.745,0.8,1308894.0,,4.712041884816753,
2026-05-14,588710,科创半导体设备ETF华泰柏瑞,SH,ETF,0.81,0.816,0.788,0.794,2076202.0,,-0.7499999999999951,
2026-05-15,588710,科创半导体设备ETF华泰柏瑞,SH,ETF,0.796,0.867,0.772,0.834,2172421.0,,5.0377833753148415,
2026-05-18,588710,科创半导体设备ETF华泰柏瑞,SH,ETF,0.846,0.865,0.821,0.837,1912757.0,,0.3597122302158251,
2026-05-19,588710,科创半导体设备ETF华泰柏瑞,SH,ETF,0.82,0.881,0.81,0.879,2060597.0,,5.017921146953408,
2026-05-20,588710,科创半导体设备ETF华泰柏瑞,SH,ETF,0.876,0.939,0.873,0.938,2123905.0,,6.712172923777016,
2026-05-21,588710,科创半导体设备ETF华泰柏瑞,SH,ETF,0.955,0.965,0.869,0.894,4134843.0,,-4.690831556503195,
2026-05-22,588710,科创半导体设备ETF华泰柏瑞,SH,ETF,0.873,0.893,0.848,0.886,3347023.0,,-0.8948545861297563,
2026-05-25,588710,科创半导体设备ETF华泰柏瑞,SH,ETF,0.875,0.952,0.852,0.936,2943915.0,,5.643340857787815,
2026-05-26,588710,科创半导体设备ETF华泰柏瑞,SH,ETF,0.932,0.932,0.889,0.917,2518749.0,,-2.029914529914534,
2026-05-27,588710,科创半导体设备ETF华泰柏瑞,SH,ETF,0.919,0.939,0.882,0.885,1954186.0,,-3.4896401308615044,
2026-05-28,588710,科创半导体设备ETF华泰柏瑞,SH,ETF,0.869,0.903,0.867,0.898,1904732.0,,1.4689265536723228,
2026-05-29,588710,科创半导体设备ETF华泰柏瑞,SH,ETF,0.9,0.906,0.832,0.843,2334036.0,,-6.124721603563477,
2026-06-01,588710,科创半导体设备ETF华泰柏瑞,SH,ETF,0.833,0.845,0.794,0.795,1890558.0,,-5.693950177935935,
2026-06-02,588710,科创半导体设备ETF华泰柏瑞,SH,ETF,0.794,0.819,0.783,0.806,1727690.0,,1.383647798742138,
2026-06-03,588710,科创半导体设备ETF华泰柏瑞,SH,ETF,0.805,0.853,0.805,0.828,1796276.0,,2.7295285359801413,
2026-06-04,588710,科创半导体设备ETF华泰柏瑞,SH,ETF,0.808,0.872,0.808,0.866,2203443.0,,4.589371980676327,
2026-06-05,588710,科创半导体设备ETF华泰柏瑞,SH,ETF,0.848,0.867,0.829,0.835,1494467.0,,-3.5796766743648956,
2026-06-08,588710,科创半导体设备ETF华泰柏瑞,SH,ETF,0.785,0.833,0.785,0.811,1567209.0,,-2.874251497005975,
2026-06-09,588710,科创半导体设备ETF华泰柏瑞,SH,ETF,0.827,0.879,0.824,0.878,1529674.0,,8.261405672009857,
2026-06-10,588710,科创半导体设备ETF华泰柏瑞,SH,ETF,0.862,0.913,0.862,0.893,1985010.0,,1.7084282460136713,
2026-06-11,588710,科创半导体设备ETF华泰柏瑞,SH,ETF,0.889,0.944,0.887,0.944,1548200.0,,5.711086226203799,
2026-06-12,588710,科创半导体设备ETF华泰柏瑞,SH,ETF,0.996,0.997,0.908,0.915,2265712.0,,-3.072033898305071,
2026-06-15,588710,科创半导体设备ETF华泰柏瑞,SH,ETF,0.925,0.966,0.889,0.965,1391360.0,,5.464480874316924,
2026-06-16,588710,科创半导体设备ETF华泰柏瑞,SH,ETF,0.966,0.986,0.956,0.972,1364416.0,,0.7253886010362809,
2026-06-17,588710,科创半导体设备ETF华泰柏瑞,SH,ETF,0.957,1.055,0.951,1.054,1810467.0,,8.436213991769549,
2026-06-18,588710,科创半导体设备ETF华泰柏瑞,SH,ETF,1.048,1.073,1.041,1.071,1753339.0,,1.6129032258064502,
2026-06-22,588710,科创半导体设备ETF华泰柏瑞,SH,ETF,1.091,1.113,1.063,1.103,1643718.0,,2.9878618113912347,
2026-06-23,588710,科创半导体设备ETF华泰柏瑞,SH,ETF,1.093,1.129,1.064,1.105,1988414.0,,0.18132366273799772,
2026-06-24,588710,科创半导体设备ETF华泰柏瑞,SH,ETF,1.085,1.173,1.081,1.167,1854425.0,,5.61085972850679,
2026-06-25,588710,科创半导体设备ETF华泰柏瑞,SH,ETF,1.194,1.215,1.164,1.199,2276310.0,,2.742073693230518,
2026-06-26,588710,科创半导体设备ETF华泰柏瑞,SH,ETF,1.191,1.258,1.178,1.237,2423014.0,,3.169307756463713,
2026-06-29,588710,科创半导体设备ETF华泰柏瑞,SH,ETF,1.257,1.374,1.24,1.367,2860960.0,,10.50929668552949,
2026-06-30,588710,科创半导体设备ETF华泰柏瑞,SH,ETF,1.4,1.424,1.338,1.419,4078229.0,,3.803950256035127,
2026-07-01,588710,科创半导体设备ETF华泰柏瑞,SH,ETF,1.424,1.517,1.391,1.42,4454764.0,,0.0704721634954053,
2026-07-02,588710,科创半导体设备ETF华泰柏瑞,SH,ETF,1.328,1.39,1.268,1.271,4080432.0,,-10.49295774647887,
2026-07-03,588710,科创半导体设备ETF华泰柏瑞,SH,ETF,1.248,1.29,1.202,1.23,3474816.0,,-3.2258064516129004,
2026-07-06,588710,科创半导体设备ETF华泰柏瑞,SH,ETF,1.24,1.263,1.183,1.228,3426107.0,,-0.1626016260162566,
2026-07-07,588710,科创半导体设备ETF华泰柏瑞,SH,ETF,1.193,1.28,1.193,1.272,3950309.0,,3.583061889250816,
2026-07-08,588710,科创半导体设备ETF华泰柏瑞,SH,ETF,1.27,1.346,1.221,1.309,5570951.0,,2.9088050314465264,
2026-07-09,588710,科创半导体设备ETF华泰柏瑞,SH,ETF,1.337,1.44,1.307,1.44,4486603.0,,10.007639419404125,
2026-07-10,588710,科创半导体设备ETF华泰柏瑞,SH,ETF,1.44,1.481,1.324,1.328,6185646.0,,-7.777777777777772,
2026-07-13,588710,科创半导体设备ETF华泰柏瑞,SH,ETF,1.267,1.345,1.235,1.25,5334938.0,,-5.873493975903621,
2026-07-14,588710,科创半导体设备ETF华泰柏瑞,SH,ETF,1.239,1.286,1.175,1.253,6432457.0,,0.23999999999999577,
2026-07-15,588710,科创半导体设备ETF华泰柏瑞,SH,ETF,1.282,1.283,1.153,1.156,5686085.0,,-7.741420590582604,
2026-07-16,588710,科创半导体设备ETF华泰柏瑞,SH,ETF,1.114,1.162,1.067,1.071,4995771.0,,-7.352941176470584,
2026-07-17,588710,科创半导体设备ETF华泰柏瑞,SH,ETF,1.058,1.086,0.998,1.002,4473937.0,,-6.442577030812324,
2026-07-20,588710,科创半导体设备ETF华泰柏瑞,SH,ETF,1.026,1.036,0.904,0.933,6128087.0,,-6.886227544910173,
2026-07-21,588710,科创半导体设备ETF华泰柏瑞,SH,ETF,0.939,1.11,0.877,1.11,8494197.0,,18.9710610932476,
2026-07-22,588710,科创半导体设备ETF华泰柏瑞,SH,ETF,1.058,1.112,1.04,1.053,7898939.0,,-5.135135135135149,
2026-07-23,588710,科创半导体设备ETF华泰柏瑞,SH,ETF,1.056,1.067,0.996,1.01,5848239.0,,-4.083570750237408,
2026-07-24,588710,科创半导体设备ETF华泰柏瑞,SH,ETF,0.981,1.074,0.981,1.046,6875176.0,,3.5643564356435675,
2026-07-27,588710,科创半导体设备ETF华泰柏瑞,SH,ETF,1.024,1.097,1.01,1.087,6865539.0,,3.919694072657731,
2026-07-28,588710,科创半导体设备ETF华泰柏瑞,SH,ETF,1.048,1.098,1.006,1.017,6722213.0,,-6.4397424103035945,
2026-07-29,588710,科创半导体设备ETF华泰柏瑞,SH,ETF,0.997,1.033,0.933,1.009,10576734.0,,-0.7866273352999054,
2026-07-30,588710,科创半导体设备ETF华泰柏瑞,SH,ETF,0.992,0.995,0.914,0.926,8377144.0,,-8.22596630327055,
2026-07-31,588710,科创半导体设备ETF华泰柏瑞,SH,ETF,1.033,1.048,0.949,0.95,11145517.0,,2.591792656587466,
2026-08-03,588710,科创半导体设备ETF华泰柏瑞,SH,ETF,0.916,0.943,0.856,0.856,9798338.0,,-9.894736842105257,
2026-08-04,588710,科创半导体设备ETF华泰柏瑞,SH,ETF,0.86,0.912,0.852,0.896,8748631.0,,4.672897196261694,
2026-08-05,588710,科创半导体设备ETF华泰柏瑞,SH,ETF,0.896,0.997,0.893,0.982,9557609.0,,9.59821428571428,
2026-08-06,588710,科创半导体设备ETF华泰柏瑞,SH,ETF,0.944,1.029,0.944,1.006,7579092.0,,2.443991853360483,
2026-08-07,588710,科创半导体设备ETF华泰柏瑞,SH,ETF,1.0,1.049,0.996,1.041,8496383.0,,3.4791252485089297,
2026-08-10,588710,科创半导体设备ETF华泰柏瑞,SH,ETF,1.046,1.089,1.042,1.083,5593130.0,,4.034582132564846,
2026-08-11,588710,科创半导体设备ETF华泰柏瑞,SH,ETF,1.063,1.086,1.039,1.05,5842192.0,,-3.0470914127423754,
2026-08-12,588710,科创半导体设备ETF华泰柏瑞,SH,ETF,1.06,1.083,1.053,1.072,4747261.0,,2.0952380952381056,
2026-08-13,588710,科创半导体设备ETF华泰柏瑞,SH,ETF,1.088,1.093,1.041,1.043,6072744.0,,-2.7052238805970297,
2026-08-14,588710,科创半导体设备ETF华泰柏瑞,SH,ETF,1.053,1.062,1.03,1.053,4111554.0,,0.9587727708533,
2026-08-17,588710,科创半导体设备ETF华泰柏瑞,SH,ETF,1.053,1.114,1.04,1.114,15834609.0,,5.792972459639145,
2026-08-18,588710,科创半导体设备ETF华泰柏瑞,SH,ETF,1.114,1.143,1.101,1.14,14255657.0,,2.333931777378795,
2026-08-19,588710,科创半导体设备ETF华泰柏瑞,SH,ETF,1.097,1.12,1.046,1.057,18377336.0,,-7.280701754385966,
2026-08-20,588710,科创半导体设备ETF华泰柏瑞,SH,ETF,1.07,1.08,1.038,1.053,14977692.0,,-0.37842951750236553,
2026-08-21,588710,科创半导体设备ETF华泰柏瑞,SH,ETF,1.048,1.068,1.031,1.045,13892479.0,,-0.7597340930674323,
